split,seed,fold,phase,train_end_idx,val_start_idx,val_end_idx,test_start_idx,test_end_idx,n_test_samples,validation_relative_total_return,policy_total_return,policy_relative_total_return,static_hold_total_return,delta_total_return_vs_static_hold,mean_spy_weight,mean_turnover,test_worst_daily_relative_return,test_max_relative_drawdown,active,signal_scale,signal_scale_state_slope,signal_bias,validation_signal_abs_p95,validation_proposed_step_p95,validation_proposed_steps_over_band,validation_gate_suppressed_step_count,validation_gate_suppression_rate,test_signal_abs_p95,test_proposed_step_p95,test_proposed_steps_over_band,test_executed_step_count,test_gate_suppressed_step_count,test_gate_suppression_rate
chrono,5,fold_04,test,3023,3024,3721,3722,4186,465,0.004828885011298079,0.3516740519458439,0.005490978728746709,0.34429257003854996,0.00738148190729393,1.0035408501940204,0.0001990280102694392,-0.001193566675352864,0.0022155345726174724,1,0.1866666666666667,0.0,0.11162374886498884,0.18934860245931334,0.029487879084670897,0,696,0.9985652797704447,0.19206775859344338,0.03363772421420024,0,2,462,0.9956896551724138
chrono,5,fold_05,test,3488,3489,4186,4187,4651,465,0.01784901567230701,0.3846373440957265,0.016479524421187275,0.36218911530380193,0.02244822879192454,1.025941869227106,0.00010094112539729903,-0.002151014742333479,0.004438296848537804,1,0.2,0.0,0.13420618153745179,0.2187299383930106,0.033688325101623756,1,696,0.9985652797704447,0.16593239563055648,0.030075581596886027,0,1,463,0.9978448275862069
