split,seed,fold,phase,train_end_idx,val_start_idx,val_end_idx,test_start_idx,test_end_idx,n_test_samples,validation_relative_total_return,policy_total_return,policy_relative_total_return,static_hold_total_return,delta_total_return_vs_static_hold,mean_spy_weight,mean_turnover,test_worst_daily_relative_return,test_max_relative_drawdown,active,signal_scale,signal_scale_state_slope,signal_bias,validation_signal_abs_p95,validation_proposed_step_p95,validation_proposed_steps_over_band,validation_gate_suppressed_step_count,validation_gate_suppression_rate,test_signal_abs_p95,test_proposed_step_p95,test_proposed_steps_over_band,test_executed_step_count,test_gate_suppressed_step_count,test_gate_suppression_rate
chrono,5,fold_03,test,2558,2559,3256,3257,3721,465,0.006268308488680097,0.27868501001444623,0.0047585596487516035,0.2726291283962341,0.006055881618212133,1.0030470648169942,0.00010156882723314199,-0.0009851709362088679,0.0015909115130184892,1,0.1866666666666667,0.0,0.1120381037725193,0.16403219369755792,0.03368237825854842,1,695,0.9971305595408895,0.1891461684168357,0.028858928067204248,0,1,463,0.9978448275862069
chrono,5,fold_04,test,3023,3024,3721,3722,4186,465,0.004914645969506859,0.3518086296066816,0.005591089124234339,0.34429257003854996,0.007516059568131617,1.0036339608147768,0.00020208637037026864,-0.0012124895650601486,0.00225063484059429,1,0.1866666666666667,0.0,0.11428299396358858,0.19159434587925359,0.030153647471515888,0,696,0.9985652797704447,0.19467798017195445,0.03426987665352519,0,2,462,0.9956896551724138
chrono,5,fold_05,test,3488,3489,4186,4187,4651,465,0.018168691546192273,0.38507241559939054,0.0167989158322448,0.36218911530380193,0.022883300295588604,1.0264414588567892,0.00010288505391746725,-0.0021924390764536117,0.004523647193544145,1,0.2,0.0,0.13726170650220473,0.22102696893725624,0.034556080841808674,1,696,0.9985652797704447,0.16868187198588774,0.030675994172701747,0,1,463,0.9978448275862069
