split,seed,fold,phase,train_end_idx,val_start_idx,val_end_idx,test_start_idx,test_end_idx,n_test_samples,validation_relative_total_return,policy_total_return,policy_relative_total_return,static_hold_total_return,delta_total_return_vs_static_hold,mean_spy_weight,mean_turnover,test_worst_daily_relative_return,test_max_relative_drawdown,active,signal_scale,signal_scale_state_slope,signal_bias,validation_signal_abs_p95,validation_proposed_step_p95,validation_proposed_steps_over_band,validation_gate_suppressed_step_count,validation_gate_suppression_rate,test_signal_abs_p95,test_proposed_step_p95,test_proposed_steps_over_band,test_executed_step_count,test_gate_suppressed_step_count,test_gate_suppression_rate
chrono,5,fold_03,test,2558,2559,3256,3257,3721,465,0.004978615491747718,0.2775476173892084,0.00386482509572339,0.2726291283962341,0.0049184889929743125,1.0033223505558142,0.00010067728957012729,-0.0016024201530159266,0.0016024201530158155,1,0.21,0.0,0.1095253800040804,0.16178596716710042,0.033673084837884816,1,695,0.9971305595408895,0.18717390515190072,0.030873487642107768,0,1,463,0.9978448275862069
chrono,5,fold_04,test,3023,3024,3721,3722,4186,465,0.004889731253971741,0.34429257003854996,0.0,0.34429257003854996,0.0,1.0,0.0,0.0,0.0,0,0.1826666666666667,0.0,0.11162353350745167,0.18934744233794948,0.029364043985317362,0,696,0.9985652797704447,0.19206650517551613,0.032414356577008044,0,0,464,1.0
chrono,5,fold_05,test,3488,3489,4186,4187,4651,465,0.01767742423073937,0.36218911530380193,0.0,0.36218911530380193,0.0,1.0,0.0,0.0,0.0,0,0.1826666666666667,0.0,0.13420595721889,0.21872896397527034,0.031543308719386945,0,696,0.9985652797704447,0.1659314437458721,0.0279958597353817,0,0,464,1.0
