split,seed,fold,phase,train_end_idx,val_start_idx,val_end_idx,test_start_idx,test_end_idx,n_test_samples,validation_relative_total_return,policy_total_return,policy_relative_total_return,static_hold_total_return,delta_total_return_vs_static_hold,mean_spy_weight,mean_turnover,test_worst_daily_relative_return,test_max_relative_drawdown,active,signal_scale,signal_scale_state_slope,signal_bias,validation_signal_abs_p95,validation_proposed_step_p95,validation_proposed_steps_over_band,validation_gate_suppressed_step_count,validation_gate_suppression_rate,test_signal_abs_p95,test_proposed_step_p95,test_proposed_steps_over_band,test_executed_step_count,test_gate_suppressed_step_count,test_gate_suppression_rate
chrono,5,fold_03,test,2558,2559,3256,3257,3721,465,0.004644000597415321,0.27725725918084554,0.0036366689095383986,0.2726291283962341,0.0046281307846114395,1.0031641433864897,9.588313292393095e-05,-0.0015261144314436814,0.0015261144314436814,1,0.2,0.0,0.1095253800040804,0.16178596716710042,0.03206960460750924,1,695,0.9971305595408895,0.18717390515190072,0.029403321563912233,0,1,463,0.9978448275862069
chrono,5,fold_04,test,3023,3024,3721,3722,4186,465,0.004594512457876565,0.34429257003854996,0.0,0.34429257003854996,0.0,1.0,0.0,0.0,0.0,0,0.17333333333333334,0.0,0.11162353350745167,0.18934744233794948,0.027863691372928864,0,696,0.9985652797704447,0.19206650517551613,0.030758148576722814,0,0,464,1.0
chrono,5,fold_05,test,3488,3489,4186,4187,4651,465,0.016724359229860708,0.36218911530380193,0.0,0.36218911530380193,0.0,1.0,0.0,0.0,0.0,0,0.17333333333333334,0.0,0.13420595721889,0.21872896397527034,0.029931606814016777,0,696,0.9985652797704447,0.1659314437458721,0.026565414347442504,0,0,464,1.0
