split,seed,fold,phase,train_end_idx,val_start_idx,val_end_idx,test_start_idx,test_end_idx,n_test_samples,validation_relative_total_return,policy_total_return,policy_relative_total_return,static_hold_total_return,delta_total_return_vs_static_hold,mean_spy_weight,mean_turnover,test_worst_daily_relative_return,test_max_relative_drawdown,active,signal_scale,signal_scale_state_slope,signal_bias,validation_signal_abs_p95,validation_proposed_step_p95,validation_proposed_steps_over_band,validation_gate_suppressed_step_count,validation_gate_suppression_rate,test_signal_abs_p95,test_proposed_step_p95,test_proposed_steps_over_band,test_executed_step_count,test_gate_suppressed_step_count,test_gate_suppression_rate
chrono,5,fold_04,test,3023,3024,3721,3722,4186,465,0.015460405238001629,0.36464620710498763,0.015140779261953341,0.34429257003854996,0.02035363706643767,1.0182833686637114,0.0002852589827853725,-0.0012954696817244482,0.00265345127850114,1,0.2,0.0,0.11428299396358858,0.19159434587925359,0.03247118048031106,0,696,0.9985652797704447,0.19467798017195445,0.03368633848045374,2,3,461,0.9935344827586207
chrono,5,fold_05,test,3488,3489,4186,4187,4651,465,0.0157401766732872,0.36218911530380193,0.0,0.36218911530380193,0.0,1.0,0.0,0.0,0.0,0,0.16000000000000003,0.0,0.13726170650220473,0.22102696893725624,0.028563894229656706,0,696,0.9985652797704447,0.16868187198588774,0.025208179339412017,0,0,464,1.0
