split,seed,fold,phase,train_end_idx,val_start_idx,val_end_idx,test_start_idx,test_end_idx,n_test_samples,validation_relative_total_return,policy_total_return,policy_relative_total_return,static_hold_total_return,delta_total_return_vs_static_hold,mean_spy_weight,mean_turnover,test_worst_daily_relative_return,test_max_relative_drawdown,active,signal_scale,signal_scale_state_slope,signal_bias,validation_signal_abs_p95,validation_proposed_step_p95,validation_proposed_steps_over_band,validation_gate_suppressed_step_count,validation_gate_suppression_rate,test_signal_abs_p95,test_proposed_step_p95,test_proposed_steps_over_band,test_executed_step_count,test_gate_suppressed_step_count,test_gate_suppression_rate
chrono,17,fold_03,test,2558,2559,3256,3257,3721,465,0.001992811078215473,0.27892002401591887,0.004943227747437051,0.2726291283962341,0.0062908956196847665,1.0032064642706722,0.00010343433131200935,-0.0010032654682611275,0.0016201187289246466,1,0.2,0.0,0.09099564609910779,0.1599214943514049,0.028612916463198513,1,693,0.994261119081779,0.1833037481427733,0.02896320397311301,0,1,463,0.9978448275862069
chrono,17,fold_04,test,3023,3024,3721,3722,4186,465,0.004893595865943512,0.3477941936988538,0.002604807716971358,0.34429257003854996,0.003501623660303821,1.0004649955453713,0.00021117527044504008,-0.0013452740551781472,0.002755365228307105,1,0.1866666666666667,0.0,0.09342062125280226,0.18763938786292853,0.029995083182110215,0,696,0.9985652797704447,0.18953879795393974,0.03560597493975532,1,2,462,0.9956896551724138
chrono,17,fold_05,test,3488,3489,4186,4187,4651,465,0.017654652659701453,0.36218911530380193,0.0,0.36218911530380193,0.0,1.0,0.0,0.0,0.0,0,0.1866666666666667,0.0,0.11138191786068362,0.20090463451953383,0.03302091618490581,0,696,0.9985652797704447,0.15131227881059248,0.02608873493375099,0,0,464,1.0
