split,seed,fold,phase,train_end_idx,val_start_idx,val_end_idx,test_start_idx,test_end_idx,n_test_samples,validation_relative_total_return,policy_total_return,policy_relative_total_return,static_hold_total_return,delta_total_return_vs_static_hold,mean_spy_weight,mean_turnover,test_worst_daily_relative_return,test_max_relative_drawdown,active,signal_scale,signal_scale_state_slope,signal_bias,validation_signal_abs_p95,validation_proposed_step_p95,validation_proposed_steps_over_band,validation_gate_suppressed_step_count,validation_gate_suppression_rate,test_signal_abs_p95,test_proposed_step_p95,test_proposed_steps_over_band,test_executed_step_count,test_gate_suppressed_step_count,test_gate_suppression_rate
chrono,29,fold_04,test,3023,3024,3721,3722,4186,465,0.004904230867571968,0.3697087233022178,0.018906712593776298,0.34429257003854996,0.025416153263667862,1.0413798914901378,9.971058190394622e-05,-0.0011935531576092728,0.004952722990121394,1,0.1866666666666667,0.0,0.11162353350745167,0.18934744233794948,0.029487671276575766,0,696,0.9985652797704447,0.19206650517551613,0.0351058002410686,0,1,463,0.9978448275862069
chrono,29,fold_05,test,3488,3489,4186,4187,4651,465,0.016730198130939566,0.36218911530380193,0.0,0.36218911530380193,0.0,1.0,0.0,0.0,0.0,0,0.1866666666666667,0.0,0.13420595721889,0.21872896397527034,0.031442325638229615,0,696,0.9985652797704447,0.1659314437458721,0.028608907758784153,0,0,464,1.0
