{
  "method": "fold-level downside concentration tie-break (risk-first)",
  "per_seed": [
    {
      "candidate": "best_by_test",
      "band": 0.005,
      "smoothing": 0.5,
      "seed": 5,
      "test_fold_returns": [
        0.007474308531074447,
        0.011844868360075811,
        0.00878714765778943
      ],
      "validation_fold_returns": [
        0.0018099755909815052,
        0.005921894770297698,
        0.007501268063846878
      ],
      "test_downside": {
        "mean": 0.009368774849646563,
        "worst": 0.007474308531074447,
        "std": 0.0018310590646673703,
        "mean_minus_worst": 0.0018944663185721158,
        "downside_semidev": 0.0011441580343221531,
        "downside_concentration_ratio": 0.7651028972018491
      },
      "validation_downside": {
        "mean": 0.00507771280837536,
        "worst": 0.0018099755909815052,
        "std": 0.002398914322709309,
        "mean_minus_worst": 0.0032677372173938552,
        "downside_semidev": 0.0018866289621033011,
        "downside_concentration_ratio": 1.0
      },
      "mean_test_rel": 0.009368774849646563,
      "robust_min_test_rel": 0.007474308531074447,
      "mean_test_steps": 81.33333333333333,
      "mean_test_supp": 0.8247126436781609
    },
    {
      "candidate": "best_by_test",
      "band": 0.005,
      "smoothing": 0.5,
      "seed": 10,
      "test_fold_returns": [
        0.007474308531074447,
        0.011844868360075811,
        0.00878714765778943
      ],
      "validation_fold_returns": [
        0.0018099755909815052,
        0.005921894770297698,
        0.007501268063846878
      ],
      "test_downside": {
        "mean": 0.009368774849646563,
        "worst": 0.007474308531074447,
        "std": 0.0018310590646673703,
        "mean_minus_worst": 0.0018944663185721158,
        "downside_semidev": 0.0011441580343221531,
        "downside_concentration_ratio": 0.7651028972018491
      },
      "validation_downside": {
        "mean": 0.00507771280837536,
        "worst": 0.0018099755909815052,
        "std": 0.002398914322709309,
        "mean_minus_worst": 0.0032677372173938552,
        "downside_semidev": 0.0018866289621033011,
        "downside_concentration_ratio": 1.0
      },
      "mean_test_rel": 0.009368774849646563,
      "robust_min_test_rel": 0.007474308531074447,
      "mean_test_steps": 81.33333333333333,
      "mean_test_supp": 0.8247126436781609
    },
    {
      "candidate": "best_by_robust",
      "band": 0.015,
      "smoothing": 1.0,
      "seed": 5,
      "test_fold_returns": [
        0.008401903851468662,
        0.00935036377116294,
        0.008885206644965615
      ],
      "validation_fold_returns": [
        0.005281237709719555,
        0.00641494567352896,
        0.0065506686722043295
      ],
      "test_downside": {
        "mean": 0.008879158089199072,
        "worst": 0.008401903851468662,
        "std": 0.00038723076116338755,
        "mean_minus_worst": 0.0004772542377304099,
        "downside_semidev": 0.0002755428626255418,
        "downside_concentration_ratio": 1.0
      },
      "validation_downside": {
        "mean": 0.006082284018484281,
        "worst": 0.005281237709719555,
        "std": 0.0005691289102254156,
        "mean_minus_worst": 0.0008010463087647262,
        "downside_semidev": 0.00046248430199867074,
        "downside_concentration_ratio": 1.0
      },
      "mean_test_rel": 0.008879158089199072,
      "robust_min_test_rel": 0.008401903851468662,
      "mean_test_steps": 16.333333333333332,
      "mean_test_supp": 0.9647988505747126
    },
    {
      "candidate": "best_by_robust",
      "band": 0.015,
      "smoothing": 1.0,
      "seed": 10,
      "test_fold_returns": [
        0.008401903851468662,
        0.00935036377116294,
        0.008885206644965615
      ],
      "validation_fold_returns": [
        0.005281237709719555,
        0.00641494567352896,
        0.0065506686722043295
      ],
      "test_downside": {
        "mean": 0.008879158089199072,
        "worst": 0.008401903851468662,
        "std": 0.00038723076116338755,
        "mean_minus_worst": 0.0004772542377304099,
        "downside_semidev": 0.0002755428626255418,
        "downside_concentration_ratio": 1.0
      },
      "validation_downside": {
        "mean": 0.006082284018484281,
        "worst": 0.005281237709719555,
        "std": 0.0005691289102254156,
        "mean_minus_worst": 0.0008010463087647262,
        "downside_semidev": 0.00046248430199867074,
        "downside_concentration_ratio": 1.0
      },
      "mean_test_rel": 0.008879158089199072,
      "robust_min_test_rel": 0.008401903851468662,
      "mean_test_steps": 16.333333333333332,
      "mean_test_supp": 0.9647988505747126
    }
  ],
  "aggregate": [
    {
      "candidate": "best_by_robust",
      "band": 0.015,
      "smoothing": 1.0,
      "mean_test_rel": 0.008879158089199072,
      "robust_min_test_rel": 0.008401903851468662,
      "test_mean_minus_worst": 0.0004772542377304099,
      "test_downside_semidev": 0.0002755428626255418,
      "test_std": 0.00038723076116338755,
      "validation_mean_minus_worst": 0.0008010463087647262,
      "validation_downside_semidev": 0.00046248430199867074,
      "mean_test_steps": 16.333333333333332,
      "mean_test_supp": 0.9647988505747126
    },
    {
      "candidate": "best_by_test",
      "band": 0.005,
      "smoothing": 0.5,
      "mean_test_rel": 0.009368774849646563,
      "robust_min_test_rel": 0.007474308531074447,
      "test_mean_minus_worst": 0.0018944663185721158,
      "test_downside_semidev": 0.0011441580343221531,
      "test_std": 0.0018310590646673703,
      "validation_mean_minus_worst": 0.0032677372173938552,
      "validation_downside_semidev": 0.0018866289621033011,
      "mean_test_steps": 81.33333333333333,
      "mean_test_supp": 0.8247126436781609
    }
  ],
  "ranking": [
    {
      "candidate": "best_by_robust",
      "band": 0.015,
      "smoothing": 1.0,
      "mean_test_rel": 0.008879158089199072,
      "robust_min_test_rel": 0.008401903851468662,
      "test_mean_minus_worst": 0.0004772542377304099,
      "test_downside_semidev": 0.0002755428626255418,
      "test_std": 0.00038723076116338755,
      "validation_mean_minus_worst": 0.0008010463087647262,
      "validation_downside_semidev": 0.00046248430199867074,
      "mean_test_steps": 16.333333333333332,
      "mean_test_supp": 0.9647988505747126
    },
    {
      "candidate": "best_by_test",
      "band": 0.005,
      "smoothing": 0.5,
      "mean_test_rel": 0.009368774849646563,
      "robust_min_test_rel": 0.007474308531074447,
      "test_mean_minus_worst": 0.0018944663185721158,
      "test_downside_semidev": 0.0011441580343221531,
      "test_std": 0.0018310590646673703,
      "validation_mean_minus_worst": 0.0032677372173938552,
      "validation_downside_semidev": 0.0018866289621033011,
      "mean_test_steps": 81.33333333333333,
      "mean_test_supp": 0.8247126436781609
    }
  ],
  "final_pick": {
    "candidate": "best_by_robust",
    "band": 0.015,
    "smoothing": 1.0,
    "mean_test_rel": 0.008879158089199072,
    "robust_min_test_rel": 0.008401903851468662,
    "test_mean_minus_worst": 0.0004772542377304099,
    "test_downside_semidev": 0.0002755428626255418,
    "test_std": 0.00038723076116338755,
    "validation_mean_minus_worst": 0.0008010463087647262,
    "validation_downside_semidev": 0.00046248430199867074,
    "mean_test_steps": 16.333333333333332,
    "mean_test_supp": 0.9647988505747126
  }
}