{
  "l470": {
    "candidate": "l_s092625470_objw1",
    "transition_interval": [
      1.4696e-10,
      1.4697e-10
    ],
    "cell_rows": [
      {
        "seed": 5,
        "transaction_cost_bps": 25,
        "n_scenarios": 8,
        "bad_mean_test_relative": 0.011052643288203212,
        "good_mean_test_relative": 0.017700774467917735,
        "delta_mean_test_relative": 0.006648131179714523,
        "bad_mean_validation_relative": 0.011388178823644401,
        "good_mean_validation_relative": 0.011388178823644401,
        "delta_mean_validation_relative": 0.0,
        "bad_mean_turnover": 0.00014998284876698237,
        "good_mean_turnover": 0.00010032556528768743,
        "delta_mean_turnover": -4.9657283479294945e-05,
        "bad_mean_test_executed_step_count": 1.5,
        "good_mean_test_executed_step_count": 1.0,
        "delta_mean_test_executed_step_count": -0.5,
        "bad_mean_test_gate_suppression_rate": 0.9967672413793103,
        "good_mean_test_gate_suppression_rate": 0.9978448275862069,
        "delta_mean_test_gate_suppression_rate": 0.0010775862068965747,
        "bad_case_slack": 0.007641511600606499,
        "good_case_slack": 0.010963731834438672,
        "delta_case_slack": 0.0033222202338321727
      },
      {
        "seed": 5,
        "transaction_cost_bps": 35,
        "n_scenarios": 8,
        "bad_mean_test_relative": 0.01091778619436845,
        "good_mean_test_relative": 0.01761179716323924,
        "delta_mean_test_relative": 0.006694010968870789,
        "bad_mean_validation_relative": 0.011289552569139327,
        "good_mean_validation_relative": 0.011289552569139327,
        "delta_mean_validation_relative": 0.0,
        "bad_mean_turnover": 0.00014998284876698237,
        "good_mean_turnover": 0.00010032556528768743,
        "delta_mean_turnover": -4.9657283479294945e-05,
        "bad_mean_test_executed_step_count": 1.5,
        "good_mean_test_executed_step_count": 1.0,
        "delta_mean_test_executed_step_count": -0.5,
        "bad_mean_test_gate_suppression_rate": 0.9967672413793103,
        "good_mean_test_gate_suppression_rate": 0.9978448275862069,
        "delta_mean_test_gate_suppression_rate": 0.0010775862068965747,
        "bad_case_slack": 0.007606250585709032,
        "good_case_slack": 0.010937452803926603,
        "delta_case_slack": 0.0033312022182175704
      },
      {
        "seed": 17,
        "transaction_cost_bps": 25,
        "n_scenarios": 8,
        "bad_mean_test_relative": 0.011052643288203212,
        "good_mean_test_relative": 0.017700774467917735,
        "delta_mean_test_relative": 0.006648131179714523,
        "bad_mean_validation_relative": 0.011388178823644401,
        "good_mean_validation_relative": 0.011388178823644401,
        "delta_mean_validation_relative": 0.0,
        "bad_mean_turnover": 0.00014998284876698237,
        "good_mean_turnover": 0.00010032556528768743,
        "delta_mean_turnover": -4.9657283479294945e-05,
        "bad_mean_test_executed_step_count": 1.5,
        "good_mean_test_executed_step_count": 1.0,
        "delta_mean_test_executed_step_count": -0.5,
        "bad_mean_test_gate_suppression_rate": 0.9967672413793103,
        "good_mean_test_gate_suppression_rate": 0.9978448275862069,
        "delta_mean_test_gate_suppression_rate": 0.0010775862068965747,
        "bad_case_slack": 0.007725074562587014,
        "good_case_slack": 0.012330817321057624,
        "delta_case_slack": 0.0046057427584706104
      },
      {
        "seed": 17,
        "transaction_cost_bps": 35,
        "n_scenarios": 8,
        "bad_mean_test_relative": 0.01091778619436845,
        "good_mean_test_relative": 0.01761179716323924,
        "delta_mean_test_relative": 0.006694010968870789,
        "bad_mean_validation_relative": 0.011289552569139327,
        "good_mean_validation_relative": 0.011289552569139327,
        "delta_mean_validation_relative": 0.0,
        "bad_mean_turnover": 0.00014998284876698237,
        "good_mean_turnover": 0.00010032556528768743,
        "delta_mean_turnover": -4.9657283479294945e-05,
        "bad_mean_test_executed_step_count": 1.5,
        "good_mean_test_executed_step_count": 1.0,
        "delta_mean_test_executed_step_count": -0.5,
        "bad_mean_test_gate_suppression_rate": 0.9967672413793103,
        "good_mean_test_gate_suppression_rate": 0.9978448275862069,
        "delta_mean_test_gate_suppression_rate": 0.0010775862068965747,
        "bad_case_slack": 0.007672868380063868,
        "good_case_slack": 0.012276203294012862,
        "delta_case_slack": 0.004603334913948994
      }
    ],
    "uniformity": {
      "mean_test_relative": {
        "min": 0.006648131179714523,
        "max": 0.006694010968870789,
        "range": 4.587978915626678e-05
      },
      "mean_validation_relative": {
        "min": 0.0,
        "max": 0.0,
        "range": 0.0
      },
      "mean_turnover": {
        "min": -4.9657283479294945e-05,
        "max": -4.9657283479294945e-05,
        "range": 0.0
      },
      "mean_test_executed_step_count": {
        "min": -0.5,
        "max": -0.5,
        "range": 0.0
      },
      "mean_test_gate_suppression_rate": {
        "min": 0.0010775862068965747,
        "max": 0.0010775862068965747,
        "range": 0.0
      },
      "case_slack": {
        "min": 0.0033222202338321727,
        "max": 0.0046057427584706104,
        "range": 0.0012835225246384378
      }
    }
  },
  "k48": {
    "candidate": "k_s09262548_objw1",
    "transition_interval": [
      6.48e-10,
      6.49e-10
    ],
    "cell_rows": [
      {
        "seed": 5,
        "transaction_cost_bps": 25,
        "n_scenarios": 8,
        "bad_mean_test_relative": 0.011052643342014279,
        "good_mean_test_relative": 0.017700774660874607,
        "delta_mean_test_relative": 0.006648131318860329,
        "bad_mean_validation_relative": 0.011388178947466687,
        "good_mean_validation_relative": 0.011388178947466687,
        "delta_mean_validation_relative": 0.0,
        "bad_mean_turnover": 0.0001499828508893845,
        "good_mean_turnover": 0.00010032556637390218,
        "delta_mean_turnover": -4.965728451548233e-05,
        "bad_mean_test_executed_step_count": 1.5,
        "good_mean_test_executed_step_count": 1.0,
        "delta_mean_test_executed_step_count": -0.5,
        "bad_mean_test_gate_suppression_rate": 0.9967672413793103,
        "good_mean_test_gate_suppression_rate": 0.9978448275862069,
        "delta_mean_test_gate_suppression_rate": 0.0010775862068965747,
        "bad_case_slack": 0.007641511472223098,
        "good_case_slack": 0.010963731877201314,
        "delta_case_slack": 0.003322220404978217
      },
      {
        "seed": 5,
        "transaction_cost_bps": 35,
        "n_scenarios": 8,
        "bad_mean_test_relative": 0.010917786246255168,
        "good_mean_test_relative": 0.017611797355220227,
        "delta_mean_test_relative": 0.006694011108965059,
        "bad_mean_validation_relative": 0.011289552691883697,
        "good_mean_validation_relative": 0.011289552691883697,
        "delta_mean_validation_relative": 0.0,
        "bad_mean_turnover": 0.0001499828508893845,
        "good_mean_turnover": 0.00010032556637390218,
        "delta_mean_turnover": -4.965728451548233e-05,
        "bad_mean_test_executed_step_count": 1.5,
        "good_mean_test_executed_step_count": 1.0,
        "delta_mean_test_executed_step_count": -0.5,
        "bad_mean_test_gate_suppression_rate": 0.9967672413793103,
        "good_mean_test_gate_suppression_rate": 0.9978448275862069,
        "delta_mean_test_gate_suppression_rate": 0.0010775862068965747,
        "bad_case_slack": 0.007606250456705142,
        "good_case_slack": 0.010937452846403661,
        "delta_case_slack": 0.0033312023896985197
      },
      {
        "seed": 17,
        "transaction_cost_bps": 25,
        "n_scenarios": 8,
        "bad_mean_test_relative": 0.011052643342014279,
        "good_mean_test_relative": 0.017700774660874607,