{
  "fixed_path_threshold": -0.007,
  "core_case_count": 6,
  "sentinel_case_count": 4,
  "screen_top_variants": [
    "v25j_n12",
    "v25j_ref",
    "v25j_n11"
  ],
  "screen_best": {
    "variant": "v25j_n12",
    "worst_path_p05": -0.007443567285361785,
    "mean_path_p05": -0.005979248684757079,
    "min_case_slack": -0.00044356728536178516,
    "sentinel_non_path_ok": true,
    "sentinel_activity_min": 0.022365591397849462,
    "sentinel_robust_min": 0.0011976271190403676
  },
  "full_best": {
    "variant": "v25j_n12",
    "scenarios": 7,
    "all_non_path": true,
    "all_case_floor": false,
    "min_case_slack": -0.0005648666502913015,
    "min_mean_path_slack": 0.0004019656657107077,
    "mean_mean_path": -0.005604305536283724,
    "mean_test_relative": 0.004923742722899806,
    "mean_turnover": 0.0006214607614865514,
    "mean_executed_step_rate": 0.022365591397849455
  },
  "full_any_all_case_floor_pass": false
}