{
  "overall": {
    "rows": 18,
    "mean_policy_total_return": 0.3222629978494249,
    "mean_static_hold_total_return": 0.3226452488347388,
    "mean_policy_relative_total_return": -0.0002655761273004869,
    "mean_policy_cash_weight": 0.00544278043653496,
    "mean_policy_borrow_weight": 0.0,
    "mean_policy_turnover": 0.000908393259390448
  },
  "by_phase": {
    "test": {
      "rows": 9,
      "mean_policy_total_return": 0.3246765380209749,
      "mean_static_hold_total_return": 0.32637027124619533,
      "mean_policy_relative_total_return": -0.0012764646535756337,
      "beat_static_rate": 0.0
    },
    "validation": {
      "rows": 9,
      "mean_policy_total_return": 0.319849457677875,
      "mean_static_hold_total_return": 0.3189202264232822,
      "mean_policy_relative_total_return": 0.0007453123989746599,
      "beat_static_rate": 0.3333333333333333
    }
  },
  "diagnostics": {
    "mean_train_diag_passed_candidates": 310.1111111111111,
    "mean_train_diag_coarse_candidates": 260.0,
    "mean_train_diag_refine_candidates": 220.0,
    "mean_train_diag_gate_fail_tail_cash": 0.8888888888888888,
    "mean_train_diag_gate_fail_tail_relative": 0.8888888888888888,
    "mean_train_diag_gate_fail_stress_relative": 0.5555555555555556,
    "mean_train_diag_gate_fail_full_relative": 0.0,
    "mean_train_diag_gate_fail_turnover": 9.222222222222221,
    "mean_train_diag_gate_fail_inactive": 0.0,
    "mean_train_diag_gate_fail_robust_window": 0.0,
    "mean_train_diag_gate_fail_overfit_gap": 0.2222222222222222,
    "mean_train_diag_gate_fail_regime_shift": 164.77777777777777,
    "mean_train_diag_rescue_gate_used": 0.0,
    "mean_train_diag_near_lower_bound_count": 0.0,
    "mean_train_diag_near_upper_bound_count": 0.4444444444444444,
    "mean_train_diag_tail_calm_share": 0.4783333333333333,
    "mean_train_diag_tail_drawdown_share": 0.23500000000000001,
    "mean_train_diag_tail_high_vol_share": 0.13,
    "mean_train_diag_objective_weight_full": 0.41666666666666663,
    "mean_train_diag_objective_weight_tail": 0.38333333333333336,
    "mean_train_diag_objective_weight_stress": 0.20000000000000004,
    "mean_train_diag_robust_window_mean_relative": -0.0003846581708472568,
    "mean_train_diag_robust_window_min_relative": -0.002598329053438881,
    "mean_train_diag_robust_window_std_relative": 0.0018217292363270072,
    "mean_train_diag_validation_relative_total_return": -0.0014088295171577182,
    "mean_train_diag_active_selected": 0.3333333333333333,
    "mean_train_diag_selected_via_pareto": 1.0,
    "mean_train_diag_tail_rows": 200.0,
    "mean_train_diag_stress_rows": 104.66666666666667,
    "fallback_rate": 0.0
  }
}