{
  "overall": {
    "rows": 18,
    "mean_policy_total_return": 0.29655875882487226,
    "mean_static_hold_total_return": 0.3226452488347388,
    "mean_policy_relative_total_return": -0.019621005932079334,
    "mean_policy_cash_weight": 0.07512182116347024,
    "mean_policy_turnover": 0.004866611174503656
  },
  "by_phase": {
    "test": {
      "rows": 9,
      "mean_policy_total_return": 0.29283495277587623,
      "mean_static_hold_total_return": 0.32637027124619533,
      "mean_policy_relative_total_return": -0.025720875802516904,
      "beat_static_rate": 0.0
    },
    "validation": {
      "rows": 9,
      "mean_policy_total_return": 0.3002825648738683,
      "mean_static_hold_total_return": 0.3189202264232822,
      "mean_policy_relative_total_return": -0.01352113606164176,
      "beat_static_rate": 0.0
    }
  },
  "diagnostics": {
    "mean_train_diag_passed_candidates": 727.3333333333334,
    "mean_train_diag_coarse_candidates": 900.0,
    "mean_train_diag_refine_candidates": 700.0,
    "mean_train_diag_gate_fail_tail_cash": 872.1111111111111,
    "mean_train_diag_gate_fail_tail_relative": 132.66666666666666,
    "mean_train_diag_gate_fail_stress_relative": 3.6666666666666665,
    "mean_train_diag_gate_fail_turnover": 7.777777777777778,
    "mean_train_diag_rescue_gate_used": 0.0,
    "mean_train_diag_tail_calm_share": 0.4783333333333333,
    "mean_train_diag_tail_drawdown_share": 0.23500000000000001,
    "mean_train_diag_tail_high_vol_share": 0.13,
    "mean_train_diag_objective_weight_full": 0.41666666666666663,
    "mean_train_diag_objective_weight_tail": 0.38333333333333336,
    "mean_train_diag_objective_weight_stress": 0.20000000000000004,
    "mean_train_diag_tail_rows": 200.0,
    "mean_train_diag_stress_rows": 104.66666666666667,
    "fallback_rate": 0.0
  }
}