{
  "overall": {
    "rows": 36,
    "policy_beats_static_hold_rows": 12,
    "policy_beats_optimizer_rows": 36,
    "mean_policy_total_return": 0.3423290662897387,
    "mean_static_hold_total_return": 0.36464299555205315,
    "mean_optimizer_total_return": -0.0007530887430232484,
    "mean_delta_total_return_vs_static_hold": -0.022313929262314403,
    "mean_delta_total_return_vs_optimizer": 0.34308215503276196,
    "mean_delta_cash_weight_vs_static_hold": 0.09426090444883134,
    "mean_delta_turnover_vs_static_hold": 0.018854020257504503
  },
  "by_split": {
    "chrono": {
      "rows": 18,
      "policy_beats_static_hold_rows": 7,
      "policy_beats_optimizer_rows": 18,
      "mean_policy_total_return": 0.30267510558363336,
      "mean_static_hold_total_return": 0.3226452488347388,
      "mean_optimizer_total_return": -0.0007530887430232484,
      "mean_delta_total_return_vs_static_hold": -0.01997014325110537,
      "mean_delta_total_return_vs_optimizer": 0.30342819432665663
    },
    "regime": {
      "rows": 18,
      "policy_beats_static_hold_rows": 5,
      "policy_beats_optimizer_rows": 18,
      "mean_policy_total_return": 0.381983026995844,
      "mean_static_hold_total_return": 0.4066407422693674,
      "mean_optimizer_total_return": -0.0007530887430232484,
      "mean_delta_total_return_vs_static_hold": -0.024657715273523437,
      "mean_delta_total_return_vs_optimizer": 0.3827361157388673
    }
  },
  "by_phase": {
    "test": {
      "rows": 18,
      "policy_beats_static_hold_rows": 2,
      "policy_beats_optimizer_rows": 18,
      "mean_policy_total_return": 0.23446771327155858,
      "mean_static_hold_total_return": 0.27129080980456194,
      "mean_optimizer_total_return": -0.0038891068544943583,
      "mean_delta_total_return_vs_static_hold": -0.03682309653300334,
      "mean_delta_total_return_vs_optimizer": 0.23835682012605297
    },
    "validation": {
      "rows": 18,
      "policy_beats_static_hold_rows": 10,
      "policy_beats_optimizer_rows": 18,
      "mean_policy_total_return": 0.45019041930791887,
      "mean_static_hold_total_return": 0.45799518129954436,
      "mean_optimizer_total_return": 0.0023829293684478614,
      "mean_delta_total_return_vs_static_hold": -0.00780476199162546,
      "mean_delta_total_return_vs_optimizer": 0.447807489939471
    }
  },
  "negative_row_diagnosis": {
    "negative_vs_static_hold_rows": 24,
    "negative_vs_optimizer_rows": 0
  },
  "weak_rows": {
    "worst_vs_static_hold": [
      {
        "split": "chrono",
        "seed": 17,
        "fold": "fold_02",
        "phase": "test",
        "phase_start": "2022-08-03 00:00:00",
        "phase_end": "2024-06-07 00:00:00",
        "policy_total_return": 0.2635785256268752,
        "static_hold_total_return": 0.34429257003854996,
        "optimizer_total_return": 0.007148788105343584,
        "policy_relative_total_return": -0.06004202225811617,
        "static_hold_relative_total_return": 0.0,
        "optimizer_relative_total_return": -0.2507964333415442,
        "policy_cash_weight": 0.17669603275110102,
        "static_hold_cash_weight": 0.0,
        "optimizer_cash_weight": 0.9935483870967742,
        "policy_trend_weight": 0.823303967248899,
        "static_hold_trend_weight": 1.0,
        "policy_turnover": 0.017402013859218607,
        "static_hold_turnover": 0.0,
        "optimizer_turnover": 0.004301075268817204,
        "policy_rebalance_count": 114.0,
        "static_hold_rebalance_count": 1.0,
        "policy_late_def_rate": 0.0,
        "delta_total_return_vs_static_hold": -0.08071404441167473,
        "delta_total_return_vs_optimizer": 0.25642973752153164,
        "delta_relative_total_return_vs_static_hold": -0.06004202225811617,
        "delta_relative_total_return_vs_optimizer": 0.19075441108342805,
        "delta_cash_weight_vs_static_hold": 0.17669603275110102,
        "delta_cash_weight_vs_optimizer": -0.8168523543456732,
        "delta_trend_weight_vs_static_hold": -0.17669603275110102,
        "delta_turnover_vs_static_hold": 0.017402013859218607,
        "delta_turnover_vs_optimizer": 0.013100938590401403,
        "delta_rebalance_count_vs_static_hold": 113.0
      },
      {
        "split": "chrono",
        "seed": 7,
        "fold": "fold_03",
        "phase": "test",
        "phase_start": "2024-06-10 00:00:00",
        "phase_end": "2026-04-17 00:00:00",
        "policy_total_return": 0.2826853726312559,
        "static_hold_total_return": 0.36218911530380193,
        "optimizer_total_return": -0.01881610866882666,
        "policy_relative_total_return": -0.058364687971254825,
        "static_hold_relative_total_return": 0.0,
        "optimizer_relative_total_return": -0.2797006815662706,
        "policy_cash_weight": 0.160888066808766,
        "static_hold_cash_weight": 0.0,
        "optimizer_cash_weight": 0.9978494623655912,
        "policy_trend_weight": 0.839111933191234,
        "static_hold_trend_weight": 1.0,
        "policy_turnover": 0.01904501410167238,
        "static_hold_turnover": 0.0,
        "optimizer_turnover": 0.004301075268817203,
        "policy_rebalance_count": 132.0,
        "static_hold_rebalance_count": 1.0,
        "policy_late_def_rate": 0.0,
        "delta_total_return_vs_static_hold": -0.07950374267254601,
        "delta_total_return_vs_optimizer": 0.3015014813000826,
        "delta_relative_total_return_vs_static_hold": -0.058364687971254825,
        "delta_relative_total_return_vs_optimizer": 0.22133599359501577,
        "delta_cash_weight_vs_static_hold": 0.160888066808766,
        "delta_cash_weight_vs_optimizer": -0.8369613955568252,
        "delta_trend_weight_vs_static_hold": -0.160888066808766,
        "delta_turnover_vs_static_hold": 0.01904501410167238,
        "delta_turnover_vs_optimizer": 0.014743938832855179,
        "delta_rebalance_count_vs_static_hold": 131.0
      },
      {
        "split": "chrono",
        "seed": 27,
        "fold": "fold_02",
        "phase": "test",
        "phase_start": "2022-08-03 00:00:00",
        "phase_end": "2024-06-07 00:00:00",
        "policy_total_return": 0.2710932331379443,
        "static_hold_total_return": 0.34429257003854996,
        "optimizer_total_return": 0.007148788105343584,
        "policy_relative_total_return": -0.05445193890977651,
        "static_hold_relative_total_return": 0.0,
        "optimizer_relative_total_return": -0.2507964333415442,
        "policy_cash_weight": 0.11834702324175284,
        "static_hold_cash_weight": 0.0,
        "optimizer_cash_weight": 0.9935483870967742,
        "policy_trend_weight": 0.8816529767582472,
        "static_hold_trend_weight": 1.0,
        "policy_turnover": 0.017014561434515893,
        "static_hold_turnover": 0.0,
        "optimizer_turnover": 0.004301075268817204,
        "policy_rebalance_count": 143.0,
        "static_hold_rebalance_count": 1.0,
        "policy_late_def_rate": 0.0,
        "delta_total_return_vs_static_hold": -0.07319933690060565,
        "delta_total_return_vs_optimizer": 0.2639444450326007,
        "delta_relative_total_return_vs_static_hold": -0.05445193890977651,
        "delta_relative_total_return_vs_optimizer": 0.1963444944317677,
        "delta_cash_weight_vs_static_hold": 0.11834702324175284,
        "delta_cash_weight_vs_optimizer": -0.8752013638550213,
        "delta_trend_weight_vs_static_hold": -0.11834702324175284,
        "delta_turnover_vs_static_hold": 0.017014561434515893,
        "delta_turnover_vs_optimizer": 0.012713486165698689,
        "delta_rebalance_count_vs_static_hold": 142.0
      },
      {
        "split": "regime",
        "seed": 17,
        "fold": "fold_01",
        "phase": "validation",
        "phase_start": "2019-01-03 00:00:00",
        "phase_end": "2022-04-22 00:00:00",
        "policy_total_return": 0.7254339834054992,
        "static_hold_total_return": 0.7967108491980666,
        "optimizer_total_return": 0.0,
        "policy_relative_total_return": -0.03967074937204318,