reps,rows,breach_count,breach_rate,min_case_slack,mean_case_slack,mean_test_relative
200,137,8,0.058394160583941604,-0.0006378505642880622,0.0023289878564022497,0.0060539303870665705
300,137,0,0.0,3.32634472723246e-05,0.0023424279669004592,0.0060539303870665705
500,137,0,0.0,4.951781801138585e-05,0.0022552429124198616,0.0060539303870665705
