{
  "overall": {
    "rows": 60,
    "mean_policy_total_return": 0.4798840946817952,
    "mean_static_hold_total_return": 0.47767760170313023,
    "mean_policy_relative_total_return": 0.001239342246708767,
    "mean_policy_cash_weight": 0.008865911256113823,
    "mean_policy_borrow_weight": 0.015263483304284054,
    "mean_policy_turnover": 0.0027087988430403095
  },
  "by_phase": {
    "test": {
      "rows": 30,
      "mean_policy_total_return": 0.3242260918664244,
      "mean_static_hold_total_return": 0.3263702712461954,
      "mean_policy_relative_total_return": -0.0016277605621184855,
      "beat_static_rate": 0.2
    },
    "validation": {
      "rows": 30,
      "mean_policy_total_return": 0.6355420974971658,
      "mean_static_hold_total_return": 0.6289849321600653,
      "mean_policy_relative_total_return": 0.00410644505553602,
      "beat_static_rate": 0.7666666666666667
    }
  },
  "diagnostics": {
    "mean_train_diag_passed_candidates": 283.96666666666664,
    "mean_train_diag_coarse_candidates": 260.0,
    "mean_train_diag_refine_candidates": 220.0,
    "mean_train_diag_gate_fail_tail_cash": 0.3333333333333333,
    "mean_train_diag_gate_fail_tail_relative": 1.8333333333333333,
    "mean_train_diag_gate_fail_stress_relative": 2.2,
    "mean_train_diag_gate_fail_full_relative": 0.0,
    "mean_train_diag_gate_fail_turnover": 25.0,
    "mean_train_diag_gate_fail_inactive": 0.0,
    "mean_train_diag_gate_fail_robust_window": 0.06666666666666667,
    "mean_train_diag_gate_fail_overfit_gap": 0.7666666666666667,
    "mean_train_diag_gate_fail_regime_shift": 177.53333333333333,
    "mean_train_diag_rescue_gate_used": 0.0,
    "mean_train_diag_near_lower_bound_count": 0.23333333333333334,
    "mean_train_diag_near_upper_bound_count": 0.3333333333333333,
    "mean_train_diag_tail_calm_share": 0.4783333333333334,
    "mean_train_diag_tail_drawdown_share": 0.23500000000000001,
    "mean_train_diag_tail_high_vol_share": 0.13,
    "mean_train_diag_objective_weight_full": 0.4166666666666668,
    "mean_train_diag_objective_weight_tail": 0.38333333333333325,
    "mean_train_diag_objective_weight_stress": 0.19999999999999998,
    "mean_train_diag_robust_window_mean_relative": 0.0007745647310737372,
    "mean_train_diag_robust_window_min_relative": -0.0009378861762444883,
    "mean_train_diag_robust_window_std_relative": 0.0014821192500095995,
    "mean_train_diag_validation_relative_total_return": 0.0021964870128357425,
    "mean_train_diag_active_selected": 0.7666666666666667,
    "mean_train_diag_selected_via_pareto": 1.0,
    "mean_train_diag_tail_rows": 200.0,
    "mean_train_diag_stress_rows": 104.66666666666667,
    "fallback_rate": 0.0
  }
}