{
  "points_l": [
    [
      468,
      5e-11
    ],
    [
      470,
      1.4697e-10
    ],
    [
      472,
      2.48e-10
    ]
  ],
  "points_k": [
    [
      46,
      5e-11
    ],
    [
      48,
      6.49e-10
    ],
    [
      50,
      1.67e-09
    ]
  ],
  "predictions": {
    "l474_linear": 3.4903000000000003e-10,
    "l476_linear": 4.5006000000000005e-10,
    "k52_loglinear": 4.297226502311241e-09,
    "k54_loglinear": 1.1057578210877903e-08
  }
}
