{
  "overall": {
    "rows": 36,
    "policy_beats_static_hold_rows": 9,
    "policy_beats_optimizer_rows": 36,
    "mean_policy_total_return": 0.34922312152991286,
    "mean_static_hold_total_return": 0.36464299555205315,
    "mean_optimizer_total_return": -0.0007530887430232484,
    "mean_delta_total_return_vs_static_hold": -0.015419874022140246,
    "mean_delta_total_return_vs_optimizer": 0.34997621027293613,
    "mean_delta_cash_weight_vs_static_hold": 0.09694452246048058,
    "mean_delta_turnover_vs_static_hold": 0.011972291123508932
  },
  "by_split": {
    "chrono": {
      "rows": 18,
      "policy_beats_static_hold_rows": 6,
      "policy_beats_optimizer_rows": 18,
      "mean_policy_total_return": 0.31295082725359585,
      "mean_static_hold_total_return": 0.3226452488347388,
      "mean_optimizer_total_return": -0.0007530887430232484,
      "mean_delta_total_return_vs_static_hold": -0.009694421581142976,
      "mean_delta_total_return_vs_optimizer": 0.313703915996619
    },
    "regime": {
      "rows": 18,
      "policy_beats_static_hold_rows": 3,
      "policy_beats_optimizer_rows": 18,
      "mean_policy_total_return": 0.38549541580623,
      "mean_static_hold_total_return": 0.4066407422693674,
      "mean_optimizer_total_return": -0.0007530887430232484,
      "mean_delta_total_return_vs_static_hold": -0.021145326463137517,
      "mean_delta_total_return_vs_optimizer": 0.3862485045492533
    }
  },
  "by_phase": {
    "test": {
      "rows": 18,
      "policy_beats_static_hold_rows": 0,
      "policy_beats_optimizer_rows": 18,
      "mean_policy_total_return": 0.23929088419156747,
      "mean_static_hold_total_return": 0.27129080980456194,
      "mean_optimizer_total_return": -0.0038891068544943583,
      "mean_delta_total_return_vs_static_hold": -0.03199992561299452,
      "mean_delta_total_return_vs_optimizer": 0.2431799910460618
    },
    "validation": {
      "rows": 18,
      "policy_beats_static_hold_rows": 9,
      "policy_beats_optimizer_rows": 18,
      "mean_policy_total_return": 0.45915535886825837,
      "mean_static_hold_total_return": 0.45799518129954436,
      "mean_optimizer_total_return": 0.0023829293684478614,
      "mean_delta_total_return_vs_static_hold": 0.0011601775687140295,
      "mean_delta_total_return_vs_optimizer": 0.4567724294998105
    }
  },
  "negative_row_diagnosis": {
    "negative_vs_static_hold_rows": 27,
    "negative_vs_optimizer_rows": 0
  },
  "weak_rows": {
    "worst_vs_static_hold": [
      {
        "split": "chrono",
        "seed": 27,
        "fold": "fold_03",
        "phase": "test",
        "phase_start": "2024-06-10 00:00:00",
        "phase_end": "2026-04-17 00:00:00",
        "policy_total_return": 0.27685214918949197,
        "static_hold_total_return": 0.36218911530380193,
        "optimizer_total_return": -0.01881610866882666,
        "policy_relative_total_return": -0.06264692997145094,
        "static_hold_relative_total_return": 0.0,
        "optimizer_relative_total_return": -0.2797006815662706,
        "policy_cash_weight": 0.1788695705669172,
        "static_hold_cash_weight": 0.0,
        "optimizer_cash_weight": 0.9978494623655912,
        "policy_trend_weight": 0.8211304294330828,
        "static_hold_trend_weight": 1.0,
        "policy_turnover": 0.012500481795488606,
        "static_hold_turnover": 0.0,
        "optimizer_turnover": 0.004301075268817203,
        "policy_rebalance_count": 81.0,
        "static_hold_rebalance_count": 1.0,
        "policy_late_def_rate": 0.0,
        "delta_total_return_vs_static_hold": -0.08533696611430996,
        "delta_total_return_vs_optimizer": 0.29566825785831863,
        "delta_relative_total_return_vs_static_hold": -0.06264692997145094,
        "delta_relative_total_return_vs_optimizer": 0.21705375159481965,
        "delta_cash_weight_vs_static_hold": 0.1788695705669172,
        "delta_cash_weight_vs_optimizer": -0.818979891798674,
        "delta_trend_weight_vs_static_hold": -0.1788695705669172,
        "delta_turnover_vs_static_hold": 0.012500481795488606,
        "delta_turnover_vs_optimizer": 0.008199406526671404,
        "delta_rebalance_count_vs_static_hold": 80.0
      },
      {
        "split": "regime",
        "seed": 27,
        "fold": "fold_02",
        "phase": "test",
        "phase_start": "2023-08-22 00:00:00",
        "phase_end": "2024-12-16 00:00:00",
        "policy_total_return": 0.3229790573640794,
        "static_hold_total_return": 0.4047539392021755,
        "optimizer_total_return": 0.007148788105343584,
        "policy_relative_total_return": -0.05821295783981917,
        "static_hold_relative_total_return": 0.0,
        "optimizer_relative_total_return": -0.28304255998217753,
        "policy_cash_weight": 0.12489631769445964,
        "static_hold_cash_weight": 0.0,
        "optimizer_cash_weight": 0.990990990990991,
        "policy_trend_weight": 0.8751036823055404,
        "static_hold_trend_weight": 1.0,
        "policy_turnover": 0.011330216042662681,
        "static_hold_turnover": 0.0,
        "optimizer_turnover": 0.006006006006006006,
        "policy_rebalance_count": 63.0,
        "static_hold_rebalance_count": 1.0,
        "policy_late_def_rate": 0.0,
        "delta_total_return_vs_static_hold": -0.08177488183809611,
        "delta_total_return_vs_optimizer": 0.3158302692587358,
        "delta_relative_total_return_vs_static_hold": -0.05821295783981917,
        "delta_relative_total_return_vs_optimizer": 0.22482960214235836,
        "delta_cash_weight_vs_static_hold": 0.12489631769445964,
        "delta_cash_weight_vs_optimizer": -0.8660946732965313,
        "delta_trend_weight_vs_static_hold": -0.12489631769445964,
        "delta_turnover_vs_static_hold": 0.011330216042662681,
        "delta_turnover_vs_optimizer": 0.005324210036656675,
        "delta_rebalance_count_vs_static_hold": 62.0
      },
      {
        "split": "regime",
        "seed": 27,
        "fold": "fold_01",
        "phase": "validation",
        "phase_start": "2019-01-03 00:00:00",
        "phase_end": "2022-04-22 00:00:00",
        "policy_total_return": 0.7248497090047332,
        "static_hold_total_return": 0.7967108491980666,
        "optimizer_total_return": 0.0,
        "policy_relative_total_return": -0.03999594048502986,
        "static_hold_relative_total_return": 0.0,
        "optimizer_relative_total_return": -0.44342741602170754,
        "policy_cash_weight": 0.07065338700210688,
        "static_hold_cash_weight": 0.0,
        "optimizer_cash_weight": 1.0,
        "policy_trend_weight": 0.9293466129978931,
        "static_hold_trend_weight": 1.0,
        "policy_turnover": 0.006889111950805574,
        "static_hold_turnover": 0.0,
        "optimizer_turnover": 0.0,
        "policy_rebalance_count": 132.0,
        "static_hold_rebalance_count": 1.0,
        "policy_late_def_rate": 0.0,
        "delta_total_return_vs_static_hold": -0.07186114019333334,
        "delta_total_return_vs_optimizer": 0.7248497090047332,
        "delta_relative_total_return_vs_static_hold": -0.03999594048502986,
        "delta_relative_total_return_vs_optimizer": 0.4034314755366777,
        "delta_cash_weight_vs_static_hold": 0.07065338700210688,
        "delta_cash_weight_vs_optimizer": -0.9293466129978931,
        "delta_trend_weight_vs_static_hold": -0.07065338700210688,
        "delta_turnover_vs_static_hold": 0.006889111950805574,
        "delta_turnover_vs_optimizer": 0.006889111950805574,
        "delta_rebalance_count_vs_static_hold": 131.0
      },
      {
        "split": "regime",
        "seed": 27,
        "fold": "fold_02",
        "phase": "validation",
        "phase_start": "2020-04-30 00:00:00",
        "phase_end": "2023-08-21 00:00:00",
        "policy_total_return": 0.5215945178557442,
        "static_hold_total_return": 0.5744027615992395,
        "optimizer_total_return": 0.0,
        "policy_relative_total_return": -0.033541762649002216,
        "static_hold_relative_total_return": 0.0,