{
  "overall": {
    "rows": 36,
    "policy_beats_static_hold_rows": 6,
    "policy_beats_optimizer_rows": 35,
    "mean_policy_total_return": 0.33988764680354033,
    "mean_static_hold_total_return": 0.36464299555205315,
    "mean_optimizer_total_return": -0.0007530887430232484,
    "mean_delta_total_return_vs_static_hold": -0.02475534874851286,
    "mean_delta_total_return_vs_optimizer": 0.34064073554656354,
    "mean_delta_cash_weight_vs_static_hold": 0.10338784784686149,
    "mean_delta_turnover_vs_static_hold": 0.018658265532764215
  },
  "by_split": {
    "chrono": {
      "rows": 18,
      "policy_beats_static_hold_rows": 6,
      "policy_beats_optimizer_rows": 18,
      "mean_policy_total_return": 0.3068850227047041,
      "mean_static_hold_total_return": 0.3226452488347388,
      "mean_optimizer_total_return": -0.0007530887430232484,
      "mean_delta_total_return_vs_static_hold": -0.015760226130034655,
      "mean_delta_total_return_vs_optimizer": 0.30763811144772746
    },
    "regime": {
      "rows": 18,
      "policy_beats_static_hold_rows": 0,
      "policy_beats_optimizer_rows": 17,
      "mean_policy_total_return": 0.3728902709023764,
      "mean_static_hold_total_return": 0.4066407422693674,
      "mean_optimizer_total_return": -0.0007530887430232484,
      "mean_delta_total_return_vs_static_hold": -0.03375047136699106,
      "mean_delta_total_return_vs_optimizer": 0.3736433596453997
    }
  },
  "by_phase": {
    "test": {
      "rows": 18,
      "policy_beats_static_hold_rows": 0,
      "policy_beats_optimizer_rows": 17,
      "mean_policy_total_return": 0.23545891921657683,
      "mean_static_hold_total_return": 0.27129080980456194,
      "mean_optimizer_total_return": -0.0038891068544943583,
      "mean_delta_total_return_vs_static_hold": -0.035831890587985124,
      "mean_delta_total_return_vs_optimizer": 0.2393480260710712
    },
    "validation": {
      "rows": 18,
      "policy_beats_static_hold_rows": 6,
      "policy_beats_optimizer_rows": 18,
      "mean_policy_total_return": 0.44431637439050375,
      "mean_static_hold_total_return": 0.45799518129954436,
      "mean_optimizer_total_return": 0.0023829293684478614,
      "mean_delta_total_return_vs_static_hold": -0.01367880690904059,
      "mean_delta_total_return_vs_optimizer": 0.4419334450220559
    }
  },
  "negative_row_diagnosis": {
    "negative_vs_static_hold_rows": 30,
    "negative_vs_optimizer_rows": 1
  },
  "weak_rows": {
    "worst_vs_static_hold": [
      {
        "split": "regime",
        "seed": 27,
        "fold": "fold_01",
        "phase": "validation",
        "phase_start": "2019-01-03 00:00:00",
        "phase_end": "2022-04-22 00:00:00",
        "policy_total_return": 0.693397668042754,
        "static_hold_total_return": 0.7967108491980666,
        "optimizer_total_return": 0.0,
        "policy_relative_total_return": -0.05750128419462974,
        "static_hold_relative_total_return": 0.0,
        "optimizer_relative_total_return": -0.44342741602170754,
        "policy_cash_weight": 0.10532015280250784,
        "static_hold_cash_weight": 0.0,
        "optimizer_cash_weight": 1.0,
        "policy_trend_weight": 0.8946798471974922,
        "static_hold_trend_weight": 1.0,
        "policy_turnover": 0.021739934960185895,
        "static_hold_turnover": 0.0,
        "optimizer_turnover": 0.0,
        "policy_rebalance_count": 314.0,
        "static_hold_rebalance_count": 1.0,
        "policy_late_def_rate": 0.0,
        "delta_total_return_vs_static_hold": -0.10331318115531252,
        "delta_total_return_vs_optimizer": 0.693397668042754,
        "delta_relative_total_return_vs_static_hold": -0.05750128419462974,
        "delta_relative_total_return_vs_optimizer": 0.3859261318270778,
        "delta_cash_weight_vs_static_hold": 0.10532015280250784,
        "delta_cash_weight_vs_optimizer": -0.8946798471974922,
        "delta_trend_weight_vs_static_hold": -0.10532015280250784,
        "delta_turnover_vs_static_hold": 0.021739934960185895,
        "delta_turnover_vs_optimizer": 0.021739934960185895,
        "delta_rebalance_count_vs_static_hold": 313.0
      },
      {
        "split": "regime",
        "seed": 27,
        "fold": "fold_01",
        "phase": "test",
        "phase_start": "2022-04-25 00:00:00",
        "phase_end": "2023-08-21 00:00:00",
        "policy_total_return": -0.012080637660480398,
        "static_hold_total_return": 0.0525844869919605,
        "optimizer_total_return": 0.0,
        "policy_relative_total_return": -0.06143461684224383,
        "static_hold_relative_total_return": 0.0,
        "optimizer_relative_total_return": -0.04995749760879964,
        "policy_cash_weight": 0.12027573574548756,
        "static_hold_cash_weight": 0.0,
        "optimizer_cash_weight": 1.0,
        "policy_trend_weight": 0.8797242642545124,
        "static_hold_trend_weight": 1.0,
        "policy_turnover": 0.031007349978630614,
        "static_hold_turnover": 0.0,
        "optimizer_turnover": 0.0,
        "policy_rebalance_count": 154.0,
        "static_hold_rebalance_count": 1.0,
        "policy_late_def_rate": 0.0,
        "delta_total_return_vs_static_hold": -0.0646651246524409,
        "delta_total_return_vs_optimizer": -0.012080637660480398,
        "delta_relative_total_return_vs_static_hold": -0.06143461684224383,
        "delta_relative_total_return_vs_optimizer": -0.011477119233444188,
        "delta_cash_weight_vs_static_hold": 0.12027573574548756,
        "delta_cash_weight_vs_optimizer": -0.8797242642545124,
        "delta_trend_weight_vs_static_hold": -0.12027573574548756,
        "delta_turnover_vs_static_hold": 0.031007349978630614,
        "delta_turnover_vs_optimizer": 0.031007349978630614,
        "delta_rebalance_count_vs_static_hold": 153.0
      },
      {
        "split": "regime",
        "seed": 27,
        "fold": "fold_02",
        "phase": "test",
        "phase_start": "2023-08-22 00:00:00",
        "phase_end": "2024-12-16 00:00:00",
        "policy_total_return": 0.3421662287565217,
        "static_hold_total_return": 0.4047539392021755,
        "optimizer_total_return": 0.007148788105343584,
        "policy_relative_total_return": -0.04455421600825005,
        "static_hold_relative_total_return": 0.0,
        "optimizer_relative_total_return": -0.28304255998217753,
        "policy_cash_weight": 0.12071777005876005,
        "static_hold_cash_weight": 0.0,
        "optimizer_cash_weight": 0.990990990990991,
        "policy_trend_weight": 0.87928222994124,
        "static_hold_trend_weight": 1.0,
        "policy_turnover": 0.012183785084136362,
        "static_hold_turnover": 0.0,
        "optimizer_turnover": 0.006006006006006006,
        "policy_rebalance_count": 86.0,
        "static_hold_rebalance_count": 1.0,
        "policy_late_def_rate": 0.0,
        "delta_total_return_vs_static_hold": -0.06258771044565381,
        "delta_total_return_vs_optimizer": 0.3350174406511781,
        "delta_relative_total_return_vs_static_hold": -0.04455421600825005,
        "delta_relative_total_return_vs_optimizer": 0.23848834397392749,
        "delta_cash_weight_vs_static_hold": 0.12071777005876005,
        "delta_cash_weight_vs_optimizer": -0.8702732209322309,
        "delta_trend_weight_vs_static_hold": -0.12071777005876005,
        "delta_turnover_vs_static_hold": 0.012183785084136362,
        "delta_turnover_vs_optimizer": 0.006177779078130356,
        "delta_rebalance_count_vs_static_hold": 85.0
      },
      {
        "split": "regime",
        "seed": 7,
        "fold": "fold_03",
        "phase": "validation",
        "phase_start": "2021-08-25 00:00:00",
        "phase_end": "2024-12-16 00:00:00",
        "policy_total_return": 0.3607037263650976,
        "static_hold_total_return": 0.4200967977301131,
        "optimizer_total_return": 0.007148788105343584,
        "policy_relative_total_return": -0.04182325561183542,
        "static_hold_relative_total_return": 0.0,