{
  "overall": {
    "rows": 18,
    "mean_policy_total_return": 0.32157645397502,
    "mean_static_hold_total_return": 0.3226452488347388,
    "mean_policy_relative_total_return": -0.0007701666715059785,
    "mean_policy_cash_weight": 0.00667811459437696,
    "mean_policy_borrow_weight": 0.0,
    "mean_policy_turnover": 0.0013519786882472329
  },
  "by_phase": {
    "test": {
      "rows": 9,
      "mean_policy_total_return": 0.3225150508972242,
      "mean_static_hold_total_return": 0.32637027124619533,
      "mean_policy_relative_total_return": -0.0028992770658485454,
      "beat_static_rate": 0.0
    },
    "validation": {
      "rows": 9,
      "mean_policy_total_return": 0.3206378570528158,
      "mean_static_hold_total_return": 0.3189202264232822,
      "mean_policy_relative_total_return": 0.0013589437228365882,
      "beat_static_rate": 0.3333333333333333
    }
  },
  "diagnostics": {
    "mean_train_diag_passed_candidates": 469.44444444444446,
    "mean_train_diag_coarse_candidates": 260.0,
    "mean_train_diag_refine_candidates": 220.0,
    "mean_train_diag_gate_fail_tail_cash": 0.8888888888888888,
    "mean_train_diag_gate_fail_tail_relative": 0.8888888888888888,
    "mean_train_diag_gate_fail_stress_relative": 0.5555555555555556,
    "mean_train_diag_gate_fail_full_relative": 0.0,
    "mean_train_diag_gate_fail_turnover": 9.222222222222221,
    "mean_train_diag_gate_fail_inactive": 0.0,
    "mean_train_diag_gate_fail_robust_window": 0.0,
    "mean_train_diag_gate_fail_overfit_gap": 0.0,
    "mean_train_diag_rescue_gate_used": 0.0,
    "mean_train_diag_near_lower_bound_count": 0.4444444444444444,
    "mean_train_diag_near_upper_bound_count": 0.2222222222222222,
    "mean_train_diag_tail_calm_share": 0.4783333333333333,
    "mean_train_diag_tail_drawdown_share": 0.23500000000000001,
    "mean_train_diag_tail_high_vol_share": 0.13,
    "mean_train_diag_objective_weight_full": 0.41666666666666663,
    "mean_train_diag_objective_weight_tail": 0.38333333333333336,
    "mean_train_diag_objective_weight_stress": 0.20000000000000004,
    "mean_train_diag_robust_window_mean_relative": -9.152202344666874e-05,
    "mean_train_diag_robust_window_min_relative": -0.0022013798954922826,
    "mean_train_diag_robust_window_std_relative": 0.001743371050677542,
    "mean_train_diag_validation_relative_total_return": -0.00042266503112815053,
    "mean_train_diag_active_selected": 0.3333333333333333,
    "mean_train_diag_selected_via_pareto": 1.0,
    "mean_train_diag_tail_rows": 200.0,
    "mean_train_diag_stress_rows": 104.66666666666667,
    "fallback_rate": 0.0
  }
}