{
  "fixed_path_threshold": -0.007,
  "core_case_count": 12,
  "sentinel_case_count": 4,
  "screen_top_variants": [
    "v25k_n8",
    "v25k_n9",
    "v25k_ref"
  ],
  "screen_best": {
    "variant": "v25k_n8",
    "worst_path_p05": -0.006467675641166903,
    "mean_path_p05": -0.005394082444027333,
    "min_case_slack": 0.0005323243588330967,
    "sentinel_non_path_ok": true,
    "sentinel_activity_min": 0.024086021505376344,
    "sentinel_robust_min": 0.003287241307322386
  },
  "full_best": {
    "variant": "v25k_n8",
    "scenarios": 7,
    "all_non_path": true,
    "all_case_floor": true,
    "min_case_slack": 0.0005323243588330967,
    "min_mean_path_slack": 0.0015559206245965712,
    "mean_mean_path": -0.004206313261249396,
    "mean_test_relative": 0.005610279873621477,
    "mean_turnover": 0.000671476452037068,
    "mean_executed_step_rate": 0.024086021505376348
  },
  "full_any_all_case_floor_pass": true
}