{
  "overall": {
    "rows": 18,
    "mean_policy_total_return": 0.32676837371061374,
    "mean_static_hold_total_return": 0.3226452488347388,
    "mean_policy_relative_total_return": 0.003177074065676491,
    "mean_policy_cash_weight": 0.00721365321005787,
    "mean_policy_borrow_weight": 0.012134247005618808,
    "mean_policy_turnover": 0.005337167342542203
  },
  "by_phase": {
    "test": {
      "rows": 9,
      "mean_policy_total_return": 0.327042651546823,
      "mean_static_hold_total_return": 0.32637027124619533,
      "mean_policy_relative_total_return": 0.0004762576881858956,
      "beat_static_rate": 0.4444444444444444
    },
    "validation": {
      "rows": 9,
      "mean_policy_total_return": 0.3264940958744044,
      "mean_static_hold_total_return": 0.3189202264232822,
      "mean_policy_relative_total_return": 0.0058778904431670866,
      "beat_static_rate": 0.6666666666666666
    }
  },
  "diagnostics": {
    "mean_train_diag_passed_candidates": 267.55555555555554,
    "mean_train_diag_coarse_candidates": 260.0,
    "mean_train_diag_refine_candidates": 220.0,
    "mean_train_diag_gate_fail_tail_cash": 0.3333333333333333,
    "mean_train_diag_gate_fail_tail_relative": 1.4444444444444444,
    "mean_train_diag_gate_fail_stress_relative": 1.6666666666666667,
    "mean_train_diag_gate_fail_full_relative": 0.0,
    "mean_train_diag_gate_fail_turnover": 24.0,
    "mean_train_diag_gate_fail_inactive": 0.0,
    "mean_train_diag_gate_fail_robust_window": 0.0,
    "mean_train_diag_gate_fail_overfit_gap": 1.0,
    "mean_train_diag_gate_fail_regime_shift": 202.33333333333334,
    "mean_train_diag_rescue_gate_used": 0.0,
    "mean_train_diag_near_lower_bound_count": 0.1111111111111111,
    "mean_train_diag_near_upper_bound_count": 0.3333333333333333,
    "mean_train_diag_tail_calm_share": 0.4783333333333333,
    "mean_train_diag_tail_drawdown_share": 0.23500000000000001,
    "mean_train_diag_tail_high_vol_share": 0.13,
    "mean_train_diag_objective_weight_full": 0.41666666666666663,
    "mean_train_diag_objective_weight_tail": 0.38333333333333336,
    "mean_train_diag_objective_weight_stress": 0.20000000000000004,
    "mean_train_diag_robust_window_mean_relative": 0.0016321522423534932,
    "mean_train_diag_robust_window_min_relative": -0.001423816626671311,
    "mean_train_diag_robust_window_std_relative": 0.0032030529922879455,
    "mean_train_diag_validation_relative_total_return": 0.004880941558862601,
    "mean_train_diag_active_selected": 0.6666666666666666,
    "mean_train_diag_selected_via_pareto": 1.0,
    "mean_train_diag_tail_rows": 200.0,
    "mean_train_diag_stress_rows": 104.66666666666667,
    "fallback_rate": 0.0
  }
}