variant,envelope,rows,all_non_path,all_case_floor,min_case_slack,mean_case_slack,mean_test_relative,mean_turnover,mean_executed_step_rate,breach_count
v25r_n8,random_holdout,48,True,False,-4.7989272370730154e-05,0.00151796814582049,0.005290088399023695,0.0006714764520370678,0.02408602150537634,1
v25r_n8,random_train,48,True,True,0.00028188368468627916,0.0015814597196967825,0.005290088399023695,0.0006714764520370678,0.02408602150537634,0
v25r_n8,sentinel,24,True,True,0.0009319935216937627,0.0030184853464903533,0.005290088399023695,0.0006714764520370678,0.024086021505376348,0
v25r_nA,random_holdout,48,True,False,-4.798387398778983e-05,0.0015179706742627407,0.005290087542365461,0.0006714762540477565,0.02408602150537634,1
v25r_nA,random_train,48,True,True,0.00028188800765146464,0.0015814631240051273,0.005290087542365461,0.0006714762540477565,0.02408602150537634,0
v25r_nA,sentinel,24,True,True,0.0009319984596120766,0.003018487973201837,0.005290087542365463,0.0006714762540477563,0.024086021505376348,0
v25r_pA,random_holdout,48,True,False,-2.90847786760199e-05,0.0015938903304461407,0.005345294671968026,0.0006707529060632234,0.02408602150537634,1
v25r_pA,random_train,48,True,True,0.00032912149794724326,0.0016316773448587655,0.005345294671968026,0.0006707529060632234,0.02408602150537634,0
v25r_pA,sentinel,24,True,True,0.0014651205889811784,0.0031492918609675484,0.005345294671968026,0.0006707529060632234,0.024086021505376348,0
