{
  "overall": {
    "rows": 18,
    "mean_policy_total_return": 0.3220232765223071,
    "mean_static_hold_total_return": 0.3226452488347388,
    "mean_policy_relative_total_return": -0.00045669686828565044,
    "mean_policy_cash_weight": 0.0080715835635349,
    "mean_policy_borrow_weight": 0.0,
    "mean_policy_turnover": 0.0015088740092672223
  },
  "by_phase": {
    "test": {
      "rows": 9,
      "mean_policy_total_return": 0.3239048536326947,
      "mean_static_hold_total_return": 0.32637027124619533,
      "mean_policy_relative_total_return": -0.0018826638956699214,
      "beat_static_rate": 0.0
    },
    "validation": {
      "rows": 9,
      "mean_policy_total_return": 0.32014169941191944,
      "mean_static_hold_total_return": 0.3189202264232822,
      "mean_policy_relative_total_return": 0.0009692701590986205,
      "beat_static_rate": 0.4444444444444444
    }
  },
  "diagnostics": {
    "mean_train_diag_passed_candidates": 307.0,
    "mean_train_diag_coarse_candidates": 260.0,
    "mean_train_diag_refine_candidates": 220.0,
    "mean_train_diag_gate_fail_tail_cash": 3.4444444444444446,
    "mean_train_diag_gate_fail_tail_relative": 1.2222222222222223,
    "mean_train_diag_gate_fail_stress_relative": 0.8888888888888888,
    "mean_train_diag_gate_fail_full_relative": 0.0,
    "mean_train_diag_gate_fail_turnover": 14.666666666666666,
    "mean_train_diag_gate_fail_inactive": 0.0,
    "mean_train_diag_gate_fail_robust_window": 0.0,
    "mean_train_diag_gate_fail_overfit_gap": 0.1111111111111111,
    "mean_train_diag_gate_fail_regime_shift": 164.88888888888889,
    "mean_train_diag_rescue_gate_used": 0.0,
    "mean_train_diag_near_lower_bound_count": 0.0,
    "mean_train_diag_near_upper_bound_count": 0.4444444444444444,
    "mean_train_diag_tail_calm_share": 0.4783333333333333,
    "mean_train_diag_tail_drawdown_share": 0.23500000000000001,
    "mean_train_diag_tail_high_vol_share": 0.13,
    "mean_train_diag_objective_weight_full": 0.41666666666666663,
    "mean_train_diag_objective_weight_tail": 0.38333333333333336,
    "mean_train_diag_objective_weight_stress": 0.20000000000000004,
    "mean_train_diag_robust_window_mean_relative": -0.00065917263391607,
    "mean_train_diag_robust_window_min_relative": -0.0034728334184598677,
    "mean_train_diag_robust_window_std_relative": 0.002402941993994564,
    "mean_train_diag_validation_relative_total_return": -0.002317619712662015,
    "mean_train_diag_active_selected": 0.4444444444444444,
    "mean_train_diag_selected_via_pareto": 1.0,
    "mean_train_diag_tail_rows": 200.0,
    "mean_train_diag_stress_rows": 104.66666666666667,
    "fallback_rate": 0.0
  }
}