{
  "overall": {
    "rows": 36,
    "policy_beats_static_hold_rows": 2,
    "policy_beats_optimizer_rows": 36,
    "mean_policy_total_return": 0.31370174037498705,
    "mean_static_hold_total_return": 0.36464299555205315,
    "mean_optimizer_total_return": -0.0007530887430232484,
    "mean_delta_total_return_vs_static_hold": -0.050941255177066,
    "mean_delta_total_return_vs_optimizer": 0.31445482911801037,
    "mean_delta_cash_weight_vs_static_hold": 0.12610804104669493,
    "mean_delta_turnover_vs_static_hold": 0.022654770663819986
  },
  "by_split": {
    "chrono": {
      "rows": 18,
      "policy_beats_static_hold_rows": 2,
      "policy_beats_optimizer_rows": 18,
      "mean_policy_total_return": 0.28301426272403307,
      "mean_static_hold_total_return": 0.3226452488347388,
      "mean_optimizer_total_return": -0.0007530887430232484,
      "mean_delta_total_return_vs_static_hold": -0.039630986110705674,
      "mean_delta_total_return_vs_optimizer": 0.28376735146705623
    },
    "regime": {
      "rows": 18,
      "policy_beats_static_hold_rows": 0,
      "policy_beats_optimizer_rows": 18,
      "mean_policy_total_return": 0.3443892180259412,
      "mean_static_hold_total_return": 0.4066407422693674,
      "mean_optimizer_total_return": -0.0007530887430232484,
      "mean_delta_total_return_vs_static_hold": -0.062251524243426316,
      "mean_delta_total_return_vs_optimizer": 0.34514230676896446
    }
  },
  "by_phase": {
    "test": {
      "rows": 18,
      "policy_beats_static_hold_rows": 0,
      "policy_beats_optimizer_rows": 18,
      "mean_policy_total_return": 0.21979591078932265,
      "mean_static_hold_total_return": 0.27129080980456194,
      "mean_optimizer_total_return": -0.0038891068544943583,
      "mean_delta_total_return_vs_static_hold": -0.05149489901523933,
      "mean_delta_total_return_vs_optimizer": 0.223685017643817
    },
    "validation": {
      "rows": 18,
      "policy_beats_static_hold_rows": 2,
      "policy_beats_optimizer_rows": 18,
      "mean_policy_total_return": 0.4076075699606516,
      "mean_static_hold_total_return": 0.45799518129954436,
      "mean_optimizer_total_return": 0.0023829293684478614,
      "mean_delta_total_return_vs_static_hold": -0.05038761133889266,
      "mean_delta_total_return_vs_optimizer": 0.40522464059220376
    }
  },
  "negative_row_diagnosis": {
    "negative_vs_static_hold_rows": 34,
    "negative_vs_optimizer_rows": 0
  },
  "weak_rows": {
    "worst_vs_static_hold": [
      {
        "split": "regime",
        "seed": 7,
        "fold": "fold_01",
        "phase": "validation",
        "phase_start": "2019-01-03 00:00:00",
        "phase_end": "2022-04-22 00:00:00",
        "policy_total_return": 0.6543443015902608,
        "static_hold_total_return": 0.7967108491980666,
        "optimizer_total_return": 0.0,
        "policy_relative_total_return": -0.07923731727414507,
        "static_hold_relative_total_return": 0.0,
        "optimizer_relative_total_return": -0.44342741602170754,
        "policy_cash_weight": 0.13771764189930336,
        "static_hold_cash_weight": 0.0,
        "optimizer_cash_weight": 1.0,
        "policy_trend_weight": 0.8622823581006966,
        "static_hold_trend_weight": 1.0,
        "policy_turnover": 0.020815376530298357,
        "static_hold_turnover": 0.0,
        "optimizer_turnover": 0.0,
        "policy_rebalance_count": 340.0,
        "static_hold_rebalance_count": 1.0,
        "policy_late_def_rate": 0.0,
        "delta_total_return_vs_static_hold": -0.14236654760780576,
        "delta_total_return_vs_optimizer": 0.6543443015902608,
        "delta_relative_total_return_vs_static_hold": -0.07923731727414507,
        "delta_relative_total_return_vs_optimizer": 0.3641900987475625,
        "delta_cash_weight_vs_static_hold": 0.13771764189930336,
        "delta_cash_weight_vs_optimizer": -0.8622823581006966,
        "delta_trend_weight_vs_static_hold": -0.13771764189930336,
        "delta_turnover_vs_static_hold": 0.020815376530298357,
        "delta_turnover_vs_optimizer": 0.020815376530298357,
        "delta_rebalance_count_vs_static_hold": 339.0
      },
      {
        "split": "regime",
        "seed": 27,
        "fold": "fold_01",
        "phase": "validation",
        "phase_start": "2019-01-03 00:00:00",
        "phase_end": "2022-04-22 00:00:00",
        "policy_total_return": 0.6949028300580706,
        "static_hold_total_return": 0.7967108491980666,
        "optimizer_total_return": 0.0,
        "policy_relative_total_return": -0.05666355228245901,
        "static_hold_relative_total_return": 0.0,
        "optimizer_relative_total_return": -0.44342741602170754,
        "policy_cash_weight": 0.1258292732823153,
        "static_hold_cash_weight": 0.0,
        "optimizer_cash_weight": 1.0,
        "policy_trend_weight": 0.8741707267176847,
        "static_hold_trend_weight": 1.0,
        "policy_turnover": 0.022640704954989835,
        "static_hold_turnover": 0.0,
        "optimizer_turnover": 0.0,
        "policy_rebalance_count": 349.0,
        "static_hold_rebalance_count": 1.0,
        "policy_late_def_rate": 0.0,
        "delta_total_return_vs_static_hold": -0.10180801913999593,
        "delta_total_return_vs_optimizer": 0.6949028300580706,
        "delta_relative_total_return_vs_static_hold": -0.05666355228245901,
        "delta_relative_total_return_vs_optimizer": 0.38676386373924854,
        "delta_cash_weight_vs_static_hold": 0.1258292732823153,
        "delta_cash_weight_vs_optimizer": -0.8741707267176847,
        "delta_trend_weight_vs_static_hold": -0.1258292732823153,
        "delta_turnover_vs_static_hold": 0.022640704954989835,
        "delta_turnover_vs_optimizer": 0.022640704954989835,
        "delta_rebalance_count_vs_static_hold": 348.0
      },
      {
        "split": "regime",
        "seed": 7,
        "fold": "fold_02",
        "phase": "validation",
        "phase_start": "2020-04-30 00:00:00",
        "phase_end": "2023-08-21 00:00:00",
        "policy_total_return": 0.47824620316951605,
        "static_hold_total_return": 0.5744027615992395,
        "optimizer_total_return": 0.0,
        "policy_relative_total_return": -0.06107494268623492,
        "static_hold_relative_total_return": 0.0,
        "optimizer_relative_total_return": -0.3648385124882374,
        "policy_cash_weight": 0.13274402732222557,
        "static_hold_cash_weight": 0.0,
        "optimizer_cash_weight": 1.0,
        "policy_trend_weight": 0.8672559726777744,
        "static_hold_trend_weight": 1.0,
        "policy_turnover": 0.025989041145068028,
        "static_hold_turnover": 0.0,
        "optimizer_turnover": 0.0,
        "policy_rebalance_count": 408.0,
        "static_hold_rebalance_count": 1.0,
        "policy_late_def_rate": 0.0,
        "delta_total_return_vs_static_hold": -0.09615655842972348,
        "delta_total_return_vs_optimizer": 0.47824620316951605,
        "delta_relative_total_return_vs_static_hold": -0.06107494268623492,
        "delta_relative_total_return_vs_optimizer": 0.3037635698020025,
        "delta_cash_weight_vs_static_hold": 0.13274402732222557,
        "delta_cash_weight_vs_optimizer": -0.8672559726777744,
        "delta_trend_weight_vs_static_hold": -0.13274402732222557,
        "delta_turnover_vs_static_hold": 0.025989041145068028,
        "delta_turnover_vs_optimizer": 0.025989041145068028,
        "delta_rebalance_count_vs_static_hold": 407.0
      },
      {
        "split": "regime",
        "seed": 17,
        "fold": "fold_01",
        "phase": "validation",
        "phase_start": "2019-01-03 00:00:00",
        "phase_end": "2022-04-22 00:00:00",
        "policy_total_return": 0.7022205466711748,
        "static_hold_total_return": 0.7967108491980666,
        "optimizer_total_return": 0.0,
        "policy_relative_total_return": -0.05259071183828268,
        "static_hold_relative_total_return": 0.0,
        "optimizer_relative_total_return": -0.44342741602170754,