{
  "overall": {
    "rows": 18,
    "mean_policy_total_return": 0.32671377618947134,
    "mean_static_hold_total_return": 0.3226452488347388,
    "mean_policy_relative_total_return": 0.003136827997210662,
    "mean_policy_cash_weight": 0.0071862148359188366,
    "mean_policy_borrow_weight": 0.012133816007417832,
    "mean_policy_turnover": 0.005319514389924199
  },
  "by_phase": {
    "test": {
      "rows": 9,
      "mean_policy_total_return": 0.3269378553212155,
      "mean_static_hold_total_return": 0.32637027124619533,
      "mean_policy_relative_total_return": 0.0003993254733926952,
      "beat_static_rate": 0.4444444444444444
    },
    "validation": {
      "rows": 9,
      "mean_policy_total_return": 0.32648969705772707,
      "mean_static_hold_total_return": 0.3189202264232822,
      "mean_policy_relative_total_return": 0.00587433052102863,
      "beat_static_rate": 0.6666666666666666
    }
  },
  "diagnostics": {
    "mean_train_diag_passed_candidates": 268.55555555555554,
    "mean_train_diag_coarse_candidates": 260.0,
    "mean_train_diag_refine_candidates": 220.0,
    "mean_train_diag_gate_fail_tail_cash": 0.0,
    "mean_train_diag_gate_fail_tail_relative": 1.1111111111111112,
    "mean_train_diag_gate_fail_stress_relative": 1.1111111111111112,
    "mean_train_diag_gate_fail_full_relative": 0.0,
    "mean_train_diag_gate_fail_turnover": 20.444444444444443,
    "mean_train_diag_gate_fail_inactive": 0.0,
    "mean_train_diag_gate_fail_robust_window": 0.0,
    "mean_train_diag_gate_fail_overfit_gap": 1.1111111111111112,
    "mean_train_diag_gate_fail_regime_shift": 202.33333333333334,
    "mean_train_diag_rescue_gate_used": 0.0,
    "mean_train_diag_near_lower_bound_count": 0.1111111111111111,
    "mean_train_diag_near_upper_bound_count": 0.3333333333333333,
    "mean_train_diag_tail_calm_share": 0.4783333333333333,
    "mean_train_diag_tail_drawdown_share": 0.23500000000000001,
    "mean_train_diag_tail_high_vol_share": 0.13,
    "mean_train_diag_objective_weight_full": 0.41666666666666663,
    "mean_train_diag_objective_weight_tail": 0.38333333333333336,
    "mean_train_diag_objective_weight_stress": 0.20000000000000004,
    "mean_train_diag_robust_window_mean_relative": 0.0016309667427962145,
    "mean_train_diag_robust_window_min_relative": -0.001423816626671311,
    "mean_train_diag_robust_window_std_relative": 0.0032014001855201423,
    "mean_train_diag_validation_relative_total_return": 0.004877381636724144,
    "mean_train_diag_active_selected": 0.6666666666666666,
    "mean_train_diag_selected_via_pareto": 1.0,
    "mean_train_diag_tail_rows": 200.0,
    "mean_train_diag_stress_rows": 104.66666666666667,
    "fallback_rate": 0.0
  }
}