{
  "overall": {
    "rows": 60,
    "mean_policy_total_return": 0.3246091102446377,
    "mean_static_hold_total_return": 0.32264524883473883,
    "mean_policy_relative_total_return": 0.0015362935866065778,
    "mean_policy_cash_weight": 0.0026399710151879746,
    "mean_policy_borrow_weight": 0.005235208991902223,
    "mean_policy_turnover": 0.00183241609651357
  },
  "by_phase": {
    "test": {
      "rows": 30,
      "mean_policy_total_return": 0.32671498875120547,
      "mean_static_hold_total_return": 0.3263702712461954,
      "mean_policy_relative_total_return": 0.0002456733754941043,
      "beat_static_rate": 0.2
    },
    "validation": {
      "rows": 30,
      "mean_policy_total_return": 0.32250323173807,
      "mean_static_hold_total_return": 0.31892022642328227,
      "mean_policy_relative_total_return": 0.0028269137977190513,
      "beat_static_rate": 0.26666666666666666
    }
  },
  "diagnostics": {
    "mean_train_diag_passed_candidates": 269.6666666666667,
    "mean_train_diag_coarse_candidates": 260.0,
    "mean_train_diag_refine_candidates": 220.0,
    "mean_train_diag_gate_fail_tail_cash": 0.36666666666666664,
    "mean_train_diag_gate_fail_tail_relative": 1.7333333333333334,
    "mean_train_diag_gate_fail_stress_relative": 2.2666666666666666,
    "mean_train_diag_gate_fail_full_relative": 0.0,
    "mean_train_diag_gate_fail_turnover": 25.533333333333335,
    "mean_train_diag_gate_fail_inactive": 0.0,
    "mean_train_diag_gate_fail_robust_window": 0.0,
    "mean_train_diag_gate_fail_overfit_gap": 0.8,
    "mean_train_diag_gate_fail_regime_shift": 199.36666666666667,
    "mean_train_diag_rescue_gate_used": 0.0,
    "mean_train_diag_near_lower_bound_count": 0.3,
    "mean_train_diag_near_upper_bound_count": 0.2,
    "mean_train_diag_tail_calm_share": 0.4783333333333334,
    "mean_train_diag_tail_drawdown_share": 0.23500000000000001,
    "mean_train_diag_tail_high_vol_share": 0.13,
    "mean_train_diag_objective_weight_full": 0.4166666666666668,
    "mean_train_diag_objective_weight_tail": 0.38333333333333325,
    "mean_train_diag_objective_weight_stress": 0.19999999999999998,
    "mean_train_diag_robust_window_mean_relative": 0.0009507047144879957,
    "mean_train_diag_robust_window_min_relative": -0.001497246798025605,
    "mean_train_diag_robust_window_std_relative": 0.0025263588889191243,
    "mean_train_diag_validation_relative_total_return": 0.002813022716288649,
    "mean_train_diag_active_selected": 0.26666666666666666,
    "mean_train_diag_selected_via_pareto": 1.0,
    "mean_train_diag_tail_rows": 200.0,
    "mean_train_diag_stress_rows": 104.66666666666667,
    "fallback_rate": 0.0
  }
}