{
  "overall": {
    "rows": 18,
    "mean_policy_total_return": 0.3219392968371318,
    "mean_static_hold_total_return": 0.3226452488347388,
    "mean_policy_relative_total_return": -0.0005354424383659579,
    "mean_policy_cash_weight": 0.006007347930500968,
    "mean_policy_borrow_weight": 0.0,
    "mean_policy_turnover": 0.0010766604032160405
  },
  "by_phase": {
    "test": {
      "rows": 9,
      "mean_policy_total_return": 0.3241916801105904,
      "mean_static_hold_total_return": 0.32637027124619533,
      "mean_policy_relative_total_return": -0.0016721010048985382,
      "beat_static_rate": 0.0
    },
    "validation": {
      "rows": 9,
      "mean_policy_total_return": 0.31968691356367324,
      "mean_static_hold_total_return": 0.3189202264232822,
      "mean_policy_relative_total_return": 0.0006012161281666225,
      "beat_static_rate": 0.3333333333333333
    }
  },
  "diagnostics": {
    "mean_train_diag_passed_candidates": 340.22222222222223,
    "mean_train_diag_coarse_candidates": 260.0,
    "mean_train_diag_refine_candidates": 220.0,
    "mean_train_diag_gate_fail_tail_cash": 3.4444444444444446,
    "mean_train_diag_gate_fail_tail_relative": 1.2222222222222223,
    "mean_train_diag_gate_fail_stress_relative": 0.8888888888888888,
    "mean_train_diag_gate_fail_full_relative": 0.0,
    "mean_train_diag_gate_fail_turnover": 14.666666666666666,
    "mean_train_diag_gate_fail_inactive": 0.0,
    "mean_train_diag_gate_fail_robust_window": 0.0,
    "mean_train_diag_gate_fail_overfit_gap": 0.1111111111111111,
    "mean_train_diag_gate_fail_regime_shift": 129.88888888888889,
    "mean_train_diag_rescue_gate_used": 0.0,
    "mean_train_diag_near_lower_bound_count": 0.3333333333333333,
    "mean_train_diag_near_upper_bound_count": 0.3333333333333333,
    "mean_train_diag_tail_calm_share": 0.4783333333333333,
    "mean_train_diag_tail_drawdown_share": 0.23500000000000001,
    "mean_train_diag_tail_high_vol_share": 0.13,
    "mean_train_diag_objective_weight_full": 0.41666666666666663,
    "mean_train_diag_objective_weight_tail": 0.38333333333333336,
    "mean_train_diag_objective_weight_stress": 0.20000000000000004,
    "mean_train_diag_robust_window_mean_relative": -0.0004907545058237314,
    "mean_train_diag_robust_window_min_relative": -0.0026136385786613703,
    "mean_train_diag_robust_window_std_relative": 0.0017471516463597782,
    "mean_train_diag_validation_relative_total_return": -0.0019407447539218205,
    "mean_train_diag_active_selected": 0.3333333333333333,
    "mean_train_diag_selected_via_pareto": 1.0,
    "mean_train_diag_tail_rows": 200.0,
    "mean_train_diag_stress_rows": 104.66666666666667,
    "fallback_rate": 0.0
  }
}