{
  "rows": [
    {
      "scenario": "baseline_b20_s4242",
      "path_bootstrap_block_size": 20,
      "path_bootstrap_seed": 4242,
      "mean_test_relative": 0.0060558043676903145,
      "worst_robust_min": 0.0032793641792554507,
      "mean_turnover": 0.0006433278668192536,
      "mean_executed_step_rate": 0.022709677419354847,
      "worst_daily_relative_return": -0.0023542666504782,
      "worst_relative_drawdown": 0.007556063111144,
      "mean_path_bootstrap_robust_min_p05": -0.004915393640912361,
      "min_case_path_bootstrap_robust_min_p05": -0.006121767648836246,
      "pass_non_path": true,
      "activity_slack": 0.0027096774193548466,
      "mean_path_slack_vs_floor": 0.002084606359087639,
      "mean_path_slack_vs_guardband": 0.0018846063590876394,
      "min_case_path_slack_vs_floor": 0.000878232351163754,
      "min_case_path_slack_vs_guardband": 0.0006782323511637543,
      "mean_guardband_pass": true,
      "min_case_floor_pass": true,
      "strict_guardband_eligible": true
    },
    {
      "scenario": "altseed_b20_s5252",
      "path_bootstrap_block_size": 20,
      "path_bootstrap_seed": 5252,
      "mean_test_relative": 0.0060558043676903145,
      "worst_robust_min": 0.0032793641792554507,
      "mean_turnover": 0.0006433278668192536,
      "mean_executed_step_rate": 0.022709677419354847,
      "worst_daily_relative_return": -0.0023542666504782,
      "worst_relative_drawdown": 0.007556063111144,
      "mean_path_bootstrap_robust_min_p05": -0.004866094714229251,
      "min_case_path_bootstrap_robust_min_p05": -0.006223225016396589,
      "pass_non_path": true,
      "activity_slack": 0.0027096774193548466,
      "mean_path_slack_vs_floor": 0.0021339052857707493,
      "mean_path_slack_vs_guardband": 0.0019339052857707496,
      "min_case_path_slack_vs_floor": 0.0007767749836034114,
      "min_case_path_slack_vs_guardband": 0.0005767749836034118,
      "mean_guardband_pass": true,
      "min_case_floor_pass": true,
      "strict_guardband_eligible": true
    },
    {
      "scenario": "altblock_b16_s4242",
      "path_bootstrap_block_size": 16,
      "path_bootstrap_seed": 4242,
      "mean_test_relative": 0.0060558043676903145,
      "worst_robust_min": 0.0032793641792554507,
      "mean_turnover": 0.0006433278668192536,
      "mean_executed_step_rate": 0.022709677419354847,
      "worst_daily_relative_return": -0.0023542666504782,
      "worst_relative_drawdown": 0.007556063111144,
      "mean_path_bootstrap_robust_min_p05": -0.006402015472654425,
      "min_case_path_bootstrap_robust_min_p05": -0.007839169345085772,
      "pass_non_path": true,
      "activity_slack": 0.0027096774193548466,
      "mean_path_slack_vs_floor": 0.0005979845273455754,
      "mean_path_slack_vs_guardband": 0.0003979845273455757,
      "min_case_path_slack_vs_floor": -0.0008391693450857723,
      "min_case_path_slack_vs_guardband": -0.001039169345085772,
      "mean_guardband_pass": true,
      "min_case_floor_pass": false,
      "strict_guardband_eligible": true
    },
    {
      "scenario": "altblock_b24_s4242",
      "path_bootstrap_block_size": 24,
      "path_bootstrap_seed": 4242,
      "mean_test_relative": 0.0060558043676903145,
      "worst_robust_min": 0.0032793641792554507,
      "mean_turnover": 0.0006433278668192536,
      "mean_executed_step_rate": 0.022709677419354847,
      "worst_daily_relative_return": -0.0023542666504782,
      "worst_relative_drawdown": 0.007556063111144,
      "mean_path_bootstrap_robust_min_p05": -0.003912322223797437,
      "min_case_path_bootstrap_robust_min_p05": -0.005085195601079839,
      "pass_non_path": true,
      "activity_slack": 0.0027096774193548466,
      "mean_path_slack_vs_floor": 0.0030876777762025628,
      "mean_path_slack_vs_guardband": 0.002887677776202563,
      "min_case_path_slack_vs_floor": 0.0019148043989201608,
      "min_case_path_slack_vs_guardband": 0.0017148043989201611,
      "mean_guardband_pass": true,
      "min_case_floor_pass": true,
      "strict_guardband_eligible": true
    },
    {
      "scenario": "altboth_b24_s6060",
      "path_bootstrap_block_size": 24,
      "path_bootstrap_seed": 6060,
      "mean_test_relative": 0.0060558043676903145,
      "worst_robust_min": 0.0032793641792554507,
      "mean_turnover": 0.0006433278668192536,
      "mean_executed_step_rate": 0.022709677419354847,
      "worst_daily_relative_return": -0.0023542666504782,
      "worst_relative_drawdown": 0.007556063111144,
      "mean_path_bootstrap_robust_min_p05": -0.00416760654459186,
      "min_case_path_bootstrap_robust_min_p05": -0.005623563713858737,
      "pass_non_path": true,
      "activity_slack": 0.0027096774193548466,
      "mean_path_slack_vs_floor": 0.00283239345540814,
      "mean_path_slack_vs_guardband": 0.0026323934554081403,
      "min_case_path_slack_vs_floor": 0.0013764362861412634,
      "min_case_path_slack_vs_guardband": 0.0011764362861412638,
      "mean_guardband_pass": true,
      "min_case_floor_pass": true,
      "strict_guardband_eligible": true
    },
    {
      "scenario": "deepcheck_b12_s8080",
      "path_bootstrap_block_size": 12,
      "path_bootstrap_seed": 8080,
      "mean_test_relative": 0.0060558043676903145,
      "worst_robust_min": 0.0032793641792554507,
      "mean_turnover": 0.0006433278668192536,
      "mean_executed_step_rate": 0.022709677419354847,
      "worst_daily_relative_return": -0.0023542666504782,
      "worst_relative_drawdown": 0.007556063111144,
      "mean_path_bootstrap_robust_min_p05": -0.006037889709340158,
      "min_case_path_bootstrap_robust_min_p05": -0.007972679399081129,
      "pass_non_path": true,
      "activity_slack": 0.0027096774193548466,
      "mean_path_slack_vs_floor": 0.0009621102906598421,
      "mean_path_slack_vs_guardband": 0.0007621102906598424,
      "min_case_path_slack_vs_floor": -0.000972679399081129,
      "min_case_path_slack_vs_guardband": -0.0011726793990811286,
      "mean_guardband_pass": true,
      "min_case_floor_pass": false,
      "strict_guardband_eligible": true
    },
    {
      "scenario": "deepcheck_b28_s9090",
      "path_bootstrap_block_size": 28,
      "path_bootstrap_seed": 9090,
      "mean_test_relative": 0.0060558043676903145,
      "worst_robust_min": 0.0032793641792554507,
      "mean_turnover": 0.0006433278668192536,
      "mean_executed_step_rate": 0.022709677419354847,
      "worst_daily_relative_return": -0.0023542666504782,
      "worst_relative_drawdown": 0.007556063111144,
      "mean_path_bootstrap_robust_min_p05": -0.0038566753276552124,
      "min_case_path_bootstrap_robust_min_p05": -0.005534648498920741,
      "pass_non_path": true,
      "activity_slack": 0.0027096774193548466,
      "mean_path_slack_vs_floor": 0.0031433246723447878,
      "mean_path_slack_vs_guardband": 0.002943324672344788,
      "min_case_path_slack_vs_floor": 0.001465351501079259,
      "min_case_path_slack_vs_guardband": 0.0012653515010792593,
      "mean_guardband_pass": true,
      "min_case_floor_pass": true,
      "strict_guardband_eligible": true
    }
  ]
}