val_bin,n,mean_val,mean_test,beat
"(-0.0285, -0.00187]",34,-0.008021470588235293,0.0,0.0
"(-0.00187, 7.72e-05]",34,-0.0008098235294117647,0.0,0.0
"(7.72e-05, 0.00239]",34,0.0011722647058823531,-0.0012659117647058822,0.08823529411764706
"(0.00239, 0.0058]",34,0.003668411764705882,-0.0013102647058823528,0.17647058823529413
"(0.0058, 0.0127]",34,0.009300764705882354,-0.00018099999999999995,0.5588235294117647
