{
  "overall": {
    "rows": 18,
    "mean_policy_total_return": 0.3217692614081241,
    "mean_static_hold_total_return": 0.3226452488347388,
    "mean_policy_relative_total_return": -0.0006264560035527728,
    "mean_policy_cash_weight": 0.0058364521807922586,
    "mean_policy_borrow_weight": 0.0,
    "mean_policy_turnover": 0.0013237205659091865
  },
  "by_phase": {
    "test": {
      "rows": 9,
      "mean_policy_total_return": 0.3227242368671652,
      "mean_static_hold_total_return": 0.32637027124619533,
      "mean_policy_relative_total_return": -0.0027452253446000638,
      "beat_static_rate": 0.0
    },
    "validation": {
      "rows": 9,
      "mean_policy_total_return": 0.3208142859490832,
      "mean_static_hold_total_return": 0.3189202264232822,
      "mean_policy_relative_total_return": 0.0014923133374945181,
      "beat_static_rate": 0.3333333333333333
    }
  },
  "diagnostics": {
    "mean_train_diag_passed_candidates": 473.3333333333333,
    "mean_train_diag_coarse_candidates": 260.0,
    "mean_train_diag_refine_candidates": 220.0,
    "mean_train_diag_gate_fail_tail_cash": 0.0,
    "mean_train_diag_gate_fail_tail_relative": 0.6666666666666666,
    "mean_train_diag_gate_fail_stress_relative": 0.5555555555555556,
    "mean_train_diag_gate_fail_full_relative": 0.0,
    "mean_train_diag_gate_fail_turnover": 6.111111111111111,
    "mean_train_diag_gate_fail_inactive": 0.0,
    "mean_train_diag_gate_fail_robust_window": 0.0,
    "mean_train_diag_gate_fail_overfit_gap": 0.3333333333333333,
    "mean_train_diag_gate_fail_regime_shift": 0.0,
    "mean_train_diag_rescue_gate_used": 0.0,
    "mean_train_diag_near_lower_bound_count": 0.3333333333333333,
    "mean_train_diag_near_upper_bound_count": 0.2222222222222222,
    "mean_train_diag_tail_calm_share": 0.4783333333333333,
    "mean_train_diag_tail_drawdown_share": 0.23500000000000001,
    "mean_train_diag_tail_high_vol_share": 0.13,
    "mean_train_diag_objective_weight_full": 0.41666666666666663,
    "mean_train_diag_objective_weight_tail": 0.38333333333333336,
    "mean_train_diag_objective_weight_stress": 0.20000000000000004,
    "mean_train_diag_robust_window_mean_relative": 7.078744806056204e-05,
    "mean_train_diag_robust_window_min_relative": -0.002286972437764286,
    "mean_train_diag_robust_window_std_relative": 0.0019971684398985296,
    "mean_train_diag_validation_relative_total_return": -0.00013837793411777512,
    "mean_train_diag_active_selected": 0.3333333333333333,
    "mean_train_diag_selected_via_pareto": 1.0,
    "mean_train_diag_tail_rows": 200.0,
    "mean_train_diag_stress_rows": 104.66666666666667,
    "fallback_rate": 0.0
  }
}