{
  "overall": {
    "rows": 60,
    "mean_policy_total_return": 0.3229257792925334,
    "mean_static_hold_total_return": 0.32264524883473883,
    "mean_policy_relative_total_return": 0.00022526097447202095,
    "mean_policy_cash_weight": 0.0026188172405231663,
    "mean_policy_borrow_weight": 0.0023282152210409284,
    "mean_policy_turnover": 0.0013393759627229427
  },
  "by_phase": {
    "test": {
      "rows": 30,
      "mean_policy_total_return": 0.32547111513284244,
      "mean_static_hold_total_return": 0.3263702712461954,
      "mean_policy_relative_total_return": -0.000690216392441915,
      "beat_static_rate": 0.0
    },
    "validation": {
      "rows": 30,
      "mean_policy_total_return": 0.32038044345222433,
      "mean_static_hold_total_return": 0.31892022642328227,
      "mean_policy_relative_total_return": 0.001140738341385957,
      "beat_static_rate": 0.36666666666666664
    }
  },
  "diagnostics": {
    "mean_train_diag_passed_candidates": 240.33333333333334,
    "mean_train_diag_coarse_candidates": 260.0,
    "mean_train_diag_refine_candidates": 220.0,
    "mean_train_diag_gate_fail_tail_cash": 0.0,
    "mean_train_diag_gate_fail_tail_relative": 0.8333333333333334,
    "mean_train_diag_gate_fail_stress_relative": 0.6333333333333333,
    "mean_train_diag_gate_fail_full_relative": 0.0,
    "mean_train_diag_gate_fail_turnover": 10.233333333333333,
    "mean_train_diag_gate_fail_inactive": 0.0,
    "mean_train_diag_gate_fail_robust_window": 0.0,
    "mean_train_diag_gate_fail_overfit_gap": 0.5,
    "mean_train_diag_gate_fail_regime_shift": 236.6,
    "mean_train_diag_rescue_gate_used": 0.0,
    "mean_train_diag_near_lower_bound_count": 0.4,
    "mean_train_diag_near_upper_bound_count": 0.26666666666666666,
    "mean_train_diag_tail_calm_share": 0.4783333333333334,
    "mean_train_diag_tail_drawdown_share": 0.23500000000000001,
    "mean_train_diag_tail_high_vol_share": 0.13,
    "mean_train_diag_objective_weight_full": 0.4166666666666668,
    "mean_train_diag_objective_weight_tail": 0.38333333333333325,
    "mean_train_diag_objective_weight_stress": 0.19999999999999998,
    "mean_train_diag_robust_window_mean_relative": -0.00015739604925399693,
    "mean_train_diag_robust_window_min_relative": -0.0023557051461651547,
    "mean_train_diag_robust_window_std_relative": 0.0020566551939138187,
    "mean_train_diag_validation_relative_total_return": -0.00046110663250883423,
    "mean_train_diag_active_selected": 0.36666666666666664,
    "mean_train_diag_selected_via_pareto": 1.0,
    "mean_train_diag_tail_rows": 200.0,
    "mean_train_diag_stress_rows": 104.66666666666667,
    "fallback_rate": 0.0
  }
}