{
  "fixed_path_threshold": -0.007,
  "stress_scenarios": [
    "baseline_b20_s4242",
    "altblock_b16_s4242",
    "deepcheck_b12_s8080"
  ],
  "full_scenarios": [
    "baseline_b20_s4242",
    "altseed_b20_s5252",
    "altblock_b16_s4242",
    "altblock_b24_s4242",
    "altboth_b24_s6060",
    "deepcheck_b12_s8080",
    "deepcheck_b28_s9090"
  ],
  "stress_top_variants": [
    "v25i_ref",
    "v25i_asym_t2",
    "v25i_tight_2"
  ],
  "stress_best": {
    "variant": "v25i_ref",
    "scenarios": 3,
    "all_non_path": true,
    "all_case_floor": false,
    "min_case_slack": -0.000972679399081129,
    "min_mean_path_slack": 0.0005979845273455754,
    "mean_mean_path": -0.005785099607635648,
    "mean_test_relative": 0.0060558043676903145,
    "mean_turnover": 0.0006433278668192536,
    "mean_executed_step_rate": 0.02270967741935485
  },
  "full_best": {
    "variant": "v25i_ref",
    "scenarios": 7,
    "all_non_path": true,
    "all_case_floor": false,
    "min_case_slack": -0.000972679399081129,
    "min_mean_path_slack": 0.0005979845273455754,
    "mean_mean_path": -0.004879713947597244,
    "mean_test_relative": 0.0060558043676903145,
    "mean_turnover": 0.0006433278668192536,
    "mean_executed_step_rate": 0.022709677419354847
  },
  "full_any_all_case_floor_pass": false
}