case,n,mean_test_rel,ci95_lo,ci95_hi,beat_rate,active_rate,mean_turnover,mean_val_rel
A_locked,30,-0.0003363,-0.001157995906410666,0.00048539590641066583,0.26666666666666666,0.5666666666666667,0.0035355,0.0028129333333333337
H_nolev,30,-0.0002706,-0.0006420458310612485,0.00010084583106124848,0.0,0.06666666666666667,0.0002852,-0.0040733
F_gate006,30,0.0002456666666666667,-0.0002634346873065063,0.0007547680206398397,0.2,0.26666666666666666,0.0017432,0.0028129333333333337
G_gate009,30,0.00036256666666666673,-7.953879642071555e-05,0.0008046721297540491,0.2,0.23333333333333334,0.0014780333333333333,0.0028129333333333337
