case,test_rows,mean_test_rel,ci95_lo,ci95_hi,median_test_rel,p10_test_rel,p90_test_rel,test_beat_rate,mean_turnover,active_selected_rate
A_f3_s10,30,-0.0003363,-0.001158,0.0004854,0.0,-0.0028077,0.0012536,0.26666667,0.0035355,0.56666667
B_f5_s10,50,-0.00018804,-0.00132806,0.00095198,0.0,-0.0028077,0.0012536,0.2,0.0025911,0.46
C_val20_f3_s10,30,-0.00162777,-0.00312409,-0.00013144,-0.0003055,-0.0058763,0.0028039,0.2,0.00290823,0.76666667
v83_confirm,9,0.00047622,-0.00120605,0.00215849,0.0,-0.0023806,0.0033512,0.44444444,0.00528056,0.66666667
