{
  "overall": {
    "rows": 18,
    "mean_policy_total_return": 0.2821448419154328,
    "mean_static_hold_total_return": 0.3226452488347388,
    "mean_policy_relative_total_return": -0.03045300519950668,
    "mean_policy_cash_weight": 0.12900119850998262,
    "mean_policy_turnover": 0.0037153440747052543
  },
  "by_phase": {
    "test": {
      "rows": 9,
      "mean_policy_total_return": 0.2692057886855015,
      "mean_static_hold_total_return": 0.32637027124619533,
      "mean_policy_relative_total_return": -0.04302446109602658,
      "beat_static_rate": 0.0
    },
    "validation": {
      "rows": 9,
      "mean_policy_total_return": 0.29508389514536415,
      "mean_static_hold_total_return": 0.3189202264232822,
      "mean_policy_relative_total_return": -0.017881549302986775,
      "beat_static_rate": 0.0
    }
  },
  "diagnostics": {
    "mean_train_diag_passed_candidates": 142.44444444444446,
    "mean_train_diag_coarse_candidates": 260.0,
    "mean_train_diag_refine_candidates": 220.0,
    "mean_train_diag_gate_fail_tail_cash": 257.22222222222223,
    "mean_train_diag_gate_fail_tail_relative": 46.77777777777778,
    "mean_train_diag_gate_fail_stress_relative": 4.666666666666667,
    "mean_train_diag_gate_fail_turnover": 38.888888888888886,
    "mean_train_diag_gate_fail_inactive": 82.55555555555556,
    "mean_train_diag_rescue_gate_used": 0.0,
    "mean_train_diag_near_lower_bound_count": 0.4444444444444444,
    "mean_train_diag_near_upper_bound_count": 0.7777777777777778,
    "mean_train_diag_tail_calm_share": 0.4783333333333333,
    "mean_train_diag_tail_drawdown_share": 0.23500000000000001,
    "mean_train_diag_tail_high_vol_share": 0.13,
    "mean_train_diag_objective_weight_full": 0.41666666666666663,
    "mean_train_diag_objective_weight_tail": 0.38333333333333336,
    "mean_train_diag_objective_weight_stress": 0.20000000000000004,
    "mean_train_diag_tail_rows": 200.0,
    "mean_train_diag_stress_rows": 104.66666666666667,
    "fallback_rate": 0.0
  }
}