{
  "overall": {
    "rows": 18,
    "mean_policy_total_return": 0.2811102401139141,
    "mean_static_hold_total_return": 0.3226452488347388,
    "mean_policy_relative_total_return": -0.031220015298012247,
    "mean_policy_cash_weight": 0.11074939388309575,
    "mean_policy_turnover": 0.00239552346216573
  },
  "by_phase": {
    "test": {
      "rows": 9,
      "mean_policy_total_return": 0.28129036641571287,
      "mean_static_hold_total_return": 0.32637027124619533,
      "mean_policy_relative_total_return": -0.03400465357390982,
      "beat_static_rate": 0.0
    },
    "validation": {
      "rows": 9,
      "mean_policy_total_return": 0.28093011381211547,
      "mean_static_hold_total_return": 0.3189202264232822,
      "mean_policy_relative_total_return": -0.028435377022114676,
      "beat_static_rate": 0.0
    }
  },
  "diagnostics": {
    "mean_train_diag_passed_candidates": 149.66666666666666,
    "mean_train_diag_coarse_candidates": 240.0,
    "mean_train_diag_refine_candidates": 180.0,
    "mean_train_diag_gate_fail_tail_cash": 270.22222222222223,
    "mean_train_diag_gate_fail_tail_relative": 39.77777777777778,
    "mean_train_diag_gate_fail_stress_relative": 0.8888888888888888,
    "mean_train_diag_gate_fail_turnover": 0.8888888888888888,
    "mean_train_diag_rescue_gate_used": 0.0,
    "mean_train_diag_tail_calm_share": 0.4783333333333333,
    "mean_train_diag_tail_drawdown_share": 0.23500000000000001,
    "mean_train_diag_tail_high_vol_share": 0.13,
    "mean_train_diag_objective_weight_full": 0.41666666666666663,
    "mean_train_diag_objective_weight_tail": 0.38333333333333336,
    "mean_train_diag_objective_weight_stress": 0.20000000000000004,
    "mean_train_diag_tail_rows": 200.0,
    "mean_train_diag_stress_rows": 104.66666666666667,
    "fallback_rate": 0.0
  }
}