variant,pack_seed,rows,breach_count,breach_rate,min_case_slack,mean_case_slack
v25r_n8,2601,24,1,0.041666666666666664,-4.678482312681087e-05,0.0013262052376901388
v25r_n8,2602,24,0,0.0,4.550472630653838e-05,0.0013361636071066822
v25r_n8,2603,24,1,0.041666666666666664,-0.000605308125175558,0.0012911191002375798
v25r_nA,2601,24,1,0.041666666666666664,-4.678001964913449e-05,0.001326207850587885
v25r_nA,2602,24,0,0.0,4.550463032871287e-05,0.001336166750588428
v25r_nA,2603,24,1,0.041666666666666664,-0.0006053060397810291,0.0012911225823689825
v25r_pA,2601,24,1,0.041666666666666664,-3.317884421500956e-05,0.0013874729889505376
v25r_pA,2602,24,0,0.0,5.6722045904649375e-05,0.0013519425314532443
v25r_pA,2603,24,1,0.041666666666666664,-0.0005936441828657546,0.0013592253497446
