{
  "overall": {
    "rows": 18,
    "mean_policy_total_return": 0.32889817567515267,
    "mean_static_hold_total_return": 0.3226452488347388,
    "mean_policy_relative_total_return": 0.0047822384353285695,
    "mean_policy_cash_weight": 0.01601062151667276,
    "mean_policy_borrow_weight": 0.026880997891765564,
    "mean_policy_turnover": 0.006909467801496679
  },
  "by_phase": {
    "test": {
      "rows": 9,
      "mean_policy_total_return": 0.3235672575185433,
      "mean_static_hold_total_return": 0.32637027124619533,
      "mean_policy_relative_total_return": -0.002100118713767005,
      "beat_static_rate": 0.3333333333333333
    },
    "validation": {
      "rows": 9,
      "mean_policy_total_return": 0.3342290938317621,
      "mean_static_hold_total_return": 0.3189202264232822,
      "mean_policy_relative_total_return": 0.011664595584424144,
      "beat_static_rate": 1.0
    }
  },
  "diagnostics": {
    "mean_train_diag_passed_candidates": 390.1111111111111,
    "mean_train_diag_coarse_candidates": 260.0,
    "mean_train_diag_refine_candidates": 220.0,
    "mean_train_diag_gate_fail_tail_cash": 10.444444444444445,
    "mean_train_diag_gate_fail_tail_relative": 5.111111111111111,
    "mean_train_diag_gate_fail_stress_relative": 12.222222222222221,
    "mean_train_diag_gate_fail_full_relative": 0.0,
    "mean_train_diag_gate_fail_turnover": 77.88888888888889,
    "mean_train_diag_gate_fail_inactive": 0.0,
    "mean_train_diag_gate_fail_robust_window": 0.4444444444444444,
    "mean_train_diag_gate_fail_overfit_gap": 2.888888888888889,
    "mean_train_diag_rescue_gate_used": 0.0,
    "mean_train_diag_near_lower_bound_count": 0.1111111111111111,
    "mean_train_diag_near_upper_bound_count": 0.1111111111111111,
    "mean_train_diag_tail_calm_share": 0.4783333333333333,
    "mean_train_diag_tail_drawdown_share": 0.23500000000000001,
    "mean_train_diag_tail_high_vol_share": 0.13,
    "mean_train_diag_objective_weight_full": 0.41666666666666663,
    "mean_train_diag_objective_weight_tail": 0.38333333333333336,
    "mean_train_diag_objective_weight_stress": 0.20000000000000004,
    "mean_train_diag_robust_window_mean_relative": 0.003848528212052994,
    "mean_train_diag_robust_window_min_relative": 0.001308673644917392,
    "mean_train_diag_robust_window_std_relative": 0.002138103011350083,
    "mean_train_diag_validation_relative_total_return": 0.011664595584424144,
    "mean_train_diag_active_selected": 1.0,
    "mean_train_diag_selected_via_pareto": 1.0,
    "mean_train_diag_tail_rows": 200.0,
    "mean_train_diag_stress_rows": 104.66666666666667,
    "fallback_rate": 0.0
  }
}