{
  "overall": {
    "rows": 18,
    "mean_policy_total_return": 0.3017630501689989,
    "mean_static_hold_total_return": 0.3226452488347388,
    "mean_policy_relative_total_return": -0.01597254013712511,
    "mean_policy_cash_weight": 0.05769162224468279,
    "mean_policy_turnover": 0.004480747697621841
  },
  "by_phase": {
    "test": {
      "rows": 9,
      "mean_policy_total_return": 0.2956050836895613,
      "mean_static_hold_total_return": 0.32637027124619533,
      "mean_policy_relative_total_return": -0.02359241146582225,
      "beat_static_rate": 0.0
    },
    "validation": {
      "rows": 9,
      "mean_policy_total_return": 0.30792101664843646,
      "mean_static_hold_total_return": 0.3189202264232822,
      "mean_policy_relative_total_return": -0.008352668808427974,
      "beat_static_rate": 0.0
    }
  },
  "diagnostics": {
    "mean_train_diag_passed_candidates": 726.3333333333334,
    "mean_train_diag_coarse_candidates": 900.0,
    "mean_train_diag_refine_candidates": 700.0,
    "mean_train_diag_gate_fail_tail_cash": 873.1111111111111,
    "mean_train_diag_gate_fail_tail_relative": 132.55555555555554,
    "mean_train_diag_gate_fail_stress_relative": 3.6666666666666665,
    "mean_train_diag_gate_fail_turnover": 7.777777777777778,
    "mean_train_diag_rescue_gate_used": 0.0,
    "mean_train_diag_tail_calm_share": 0.4783333333333333,
    "mean_train_diag_tail_drawdown_share": 0.23500000000000001,
    "mean_train_diag_tail_high_vol_share": 0.13,
    "mean_train_diag_tail_rows": 200.0,
    "mean_train_diag_stress_rows": 104.66666666666667,
    "fallback_rate": 0.0
  }
}