{
  "mode": "quick",
  "n_cases": 16,
  "best_profile": "turnover_guard",
  "eligibility_gates": {
    "tail_worst_decile_threshold": 0.0,
    "robust_min_threshold": 0.0,
    "max_mean_turnover": 0.0015,
    "min_worst_daily_relative_return": -0.0035,
    "max_worst_relative_drawdown": 0.0115
  },
  "bootstrap": {
    "reps": 400,
    "seed": 12345
  },
  "profile_ranking": [
    {
      "profile": "turnover_guard",
      "n_cases": 8,
      "pass_rate": 1.0,
      "eligible": true,
      "mean_score": 0.004382366684566373,
      "mean_test_relative": 0.0040807924842500955,
      "worst_robust_min": 0.001170236950797765,
      "worst_decile_test_relative": 0.0037782338684551496,
      "mean_turnover": 0.0004907369022934887,
      "worst_daily_relative_return": -0.0016817970311586,
      "worst_relative_drawdown": 0.0052745079990245,
      "mean_seed_std_test_relative": 0.0,
      "max_seed_std_test_relative": 0.0,
      "mean_seed_std_robust_min": 0.0,
      "max_seed_std_robust_min": 0.0,
      "mean_score_bootstrap_p05": 0.004147684761277598,
      "mean_score_bootstrap_p50": 0.004382366684566373,
      "mean_score_bootstrap_p95": 0.0046625256706083725,
      "mean_test_relative_bootstrap_p05": 0.00387662032506787,
      "mean_test_relative_bootstrap_p50": 0.0040807924842500955,
      "mean_test_relative_bootstrap_p95": 0.004317760128969894,
      "min_gate_margin": 0.001170236950797765,
      "stress_rows": [
        {
          "transaction_cost_bps": 12.0,
          "slippage_bps": 12.0,
          "seed": 5,
          "mean_test_relative": 0.0045511591324049585,
          "robust_min_test_relative": 0.0015372010510550371,
          "mean_turnover": 0.0005545525258295274,
          "worst_daily_relative_return": -0.0016095058151572,
          "worst_max_relative_drawdown": 0.0050938612673274,
          "overall_gate_passed": true,
          "wealth_first_score": 0.004903845263560331
        },
        {
          "transaction_cost_bps": 12.0,
          "slippage_bps": 12.0,
          "seed": 17,
          "mean_test_relative": 0.0045511591324049585,
          "robust_min_test_relative": 0.0015372010510550371,
          "mean_turnover": 0.0005545525258295274,
          "worst_daily_relative_return": -0.0016095058151572,
          "worst_max_relative_drawdown": 0.0050938612673274,
          "overall_gate_passed": true,
          "wealth_first_score": 0.004903845263560331
        },
        {
          "transaction_cost_bps": 18.0,
          "slippage_bps": 18.0,
          "seed": 5,
          "mean_test_relative": 0.00408436112553483,
          "robust_min_test_relative": 0.0013778874459153823,
          "mean_turnover": 0.0004694650277814758,
          "worst_daily_relative_return": -0.0016428709917732,
          "worst_max_relative_drawdown": 0.0051662155467526,
          "overall_gate_passed": true,
          "wealth_first_score": 0.004421206077656414
        },
        {
          "transaction_cost_bps": 18.0,
          "slippage_bps": 18.0,
          "seed": 17,
          "mean_test_relative": 0.00408436112553483,
          "robust_min_test_relative": 0.0013778874459153823,
          "mean_turnover": 0.0004694650277814758,
          "worst_daily_relative_return": -0.0016428709917732,
          "worst_max_relative_drawdown": 0.0051662155467526,
          "overall_gate_passed": true,
          "wealth_first_score": 0.004421206077656414
        },
        {
          "transaction_cost_bps": 22.0,
          "slippage_bps": 22.0,
          "seed": 5,
          "mean_test_relative": 0.003909415810605443,
          "robust_min_test_relative": 0.0012716895685229712,
          "mean_turnover": 0.0004694650277814758,
          "worst_daily_relative_return": -0.0016651144428505,
          "worst_max_relative_drawdown": 0.0052144503102854,
          "overall_gate_passed": true,
          "wealth_first_score": 0.004193161824030822
        },
        {
          "transaction_cost_bps": 22.0,
          "slippage_bps": 22.0,
          "seed": 17,
          "mean_test_relative": 0.003909415810605443,
          "robust_min_test_relative": 0.0012716895685229712,
          "mean_turnover": 0.0004694650277814758,
          "worst_daily_relative_return": -0.0016651144428505,
          "worst_max_relative_drawdown": 0.0052144503102854,
          "overall_gate_passed": true,
          "wealth_first_score": 0.004193161824030822
        },
        {
          "transaction_cost_bps": 25.0,
          "slippage_bps": 25.0,
          "seed": 5,
          "mean_test_relative": 0.0037782338684551496,
          "robust_min_test_relative": 0.001170236950797765,
          "mean_turnover": 0.0004694650277814758,
          "worst_daily_relative_return": -0.0016817970311586,
          "worst_max_relative_drawdown": 0.0052745079990245,
          "overall_gate_passed": true,
          "wealth_first_score": 0.004011253573017925
        },
        {
          "transaction_cost_bps": 25.0,
          "slippage_bps": 25.0,
          "seed": 17,
          "mean_test_relative": 0.0037782338684551496,
          "robust_min_test_relative": 0.001170236950797765,
          "mean_turnover": 0.0004694650277814758,
          "worst_daily_relative_return": -0.0016817970311586,
          "worst_max_relative_drawdown": 0.0052745079990245,
          "overall_gate_passed": true,
          "wealth_first_score": 0.004011253573017925
        }
      ]
    },
    {
      "profile": "promoted_tanh",
      "n_cases": 8,
      "pass_rate": 1.0,
      "eligible": false,
      "mean_score": 0.006165343487795677,
      "mean_test_relative": 0.0055180276521617395,
      "worst_robust_min": 0.0022639611509442936,
      "worst_decile_test_relative": 0.004782633411009396,
      "mean_turnover": 0.00112869300984156,
      "worst_daily_relative_return": -0.0038757696568296,
      "worst_relative_drawdown": 0.0121576166943891,
      "mean_seed_std_test_relative": 0.0,
      "max_seed_std_test_relative": 0.0,
      "mean_seed_std_robust_min": 0.0,
      "max_seed_std_robust_min": 0.0,
      "mean_score_bootstrap_p05": 0.005422281830915461,
      "mean_score_bootstrap_p50": 0.006165343487795677,
      "mean_score_bootstrap_p95": 0.006979448643368632,
      "mean_test_relative_bootstrap_p05": 0.00496314032301819,
      "mean_test_relative_bootstrap_p50": 0.005518027652161739,
      "mean_test_relative_bootstrap_p95": 0.006215302583385995,
      "min_gate_margin": 0.0022639611509442936,
      "stress_rows": [
        {
          "transaction_cost_bps": 12.0,
          "slippage_bps": 12.0,
          "seed": 5,
          "mean_test_relative": 0.006692858974178195,
          "robust_min_test_relative": 0.003661326711706714,
          "mean_turnover": 0.0012193466966300562,
          "worst_daily_relative_return": -0.0038757696568296,
          "worst_max_relative_drawdown": 0.0119498567330903,
          "overall_gate_passed": true,
          "wealth_first_score": 0.0076090123075590104
        },
        {
          "transaction_cost_bps": 12.0,
          "slippage_bps": 12.0,
          "seed": 17,
          "mean_test_relative": 0.006692858974178195,
          "robust_min_test_relative": 0.003661326711706714,
          "mean_turnover": 0.0012193466966300562,
          "worst_daily_relative_return": -0.0038757696568296,
          "worst_max_relative_drawdown": 0.0119498567330903,
          "overall_gate_passed": true,
          "wealth_first_score": 0.0076090123075590104
        },
        {
          "transaction_cost_bps": 18.0,
          "slippage_bps": 18.0,
          "seed": 5,
          "mean_test_relative": 0.005504661059044569,
          "robust_min_test_relative": 0.0030426861714873965,
          "mean_turnover": 0.0010984751142453944,
          "worst_daily_relative_return": -0.0038757696568296,
          "worst_max_relative_drawdown": 0.0120457485660007,
          "overall_gate_passed": true,
          "wealth_first_score": 0.006202147809104221
        },
        {
          "transaction_cost_bps": 18.0,