{
  "n_cases": 7,
  "promoted_baseline_case": "promoted_12bps_gate55",
  "promoted_baseline_mean_test_relative": 0.005403845149135167,
  "promoted_baseline_gate_margin_min": 0.0005327793728251429,
  "best_case": "promoted_12bps_gate55",
  "best_case_mean_test_relative": 0.005403845149135167,
  "best_case_gate_margin_min": 0.0005327793728251429,
  "improvement_vs_promoted_baseline": 0.0,
  "ranked_cases": [
    {
      "case": "promoted_12bps_gate55",
      "overall_gate_passed": true,
      "mean_test_relative": 0.005403845149135167,
      "mean_validation_relative": 0.008746564969808279,
      "robust_min_test_relative": 0.0005327793728251429,
      "gate_margin_min": 0.0005327793728251429,
      "beat_hold_fraction": 1.0,
      "active_fraction": 1.0,
      "mean_turnover": 0.0004746505240629794,
      "transaction_cost_bps": 12.0,
      "slippage_bps": 12.0,
      "ridge_l2": 0.015,
      "action_smoothing": 1.0,
      "gate": "055"
    },
    {
      "case": "promoted_12bps_gate60",
      "overall_gate_passed": true,
      "mean_test_relative": 0.005403845149135167,
      "mean_validation_relative": 0.008746564969808279,
      "robust_min_test_relative": 0.0005327793728251429,
      "gate_margin_min": 0.0005327793728251429,
      "beat_hold_fraction": 1.0,
      "active_fraction": 1.0,
      "mean_turnover": 0.0004746505240629794,
      "transaction_cost_bps": 12.0,
      "slippage_bps": 12.0,
      "ridge_l2": 0.015,
      "action_smoothing": 1.0,
      "gate": "060"
    },
    {
      "case": "promoted_15bps_gate55",
      "overall_gate_passed": true,
      "mean_test_relative": 0.00527101658862783,
      "mean_validation_relative": 0.008613594869673325,
      "robust_min_test_relative": 0.00021208424164353978,
      "gate_margin_min": 0.00021208424164353978,
      "beat_hold_fraction": 1.0,
      "active_fraction": 1.0,
      "mean_turnover": 0.0004746505240629794,
      "transaction_cost_bps": 15.0,
      "slippage_bps": 15.0,
      "ridge_l2": 0.015,
      "action_smoothing": 1.0,
      "gate": "055"
    },
    {
      "case": "ridge015_smooth11_15bps_gate55",
      "overall_gate_passed": false,
      "mean_test_relative": 0.005202243697844167,
      "mean_validation_relative": 0.007878214583809884,
      "robust_min_test_relative": -0.0036776785813364965,
      "gate_margin_min": -0.0036776785813364965,
      "beat_hold_fraction": 0.8,
      "active_fraction": 1.0,
      "mean_turnover": 0.0006340266427713951,
      "transaction_cost_bps": 15.0,
      "slippage_bps": 15.0,
      "ridge_l2": 0.015,
      "action_smoothing": 1.1,
      "gate": "055"
    },
    {
      "case": "promoted_18bps_gate55",
      "overall_gate_passed": false,
      "mean_test_relative": 0.005138214565829613,
      "mean_validation_relative": 0.008480642815488038,
      "robust_min_test_relative": -0.00010851359781438585,
      "gate_margin_min": -0.00010851359781438585,
      "beat_hold_fraction": 0.8,
      "active_fraction": 1.0,
      "mean_turnover": 0.0004746505240629794,
      "transaction_cost_bps": 18.0,
      "slippage_bps": 18.0,
      "ridge_l2": 0.015,
      "action_smoothing": 1.0,
      "gate": "055"
    },
    {
      "case": "ridge010_smooth12_15bps_gate55",
      "overall_gate_passed": false,
      "mean_test_relative": 0.0038932713064417034,
      "mean_validation_relative": 0.009984881692723224,
      "robust_min_test_relative": -0.004849412270988451,
      "gate_margin_min": -0.004849412270988451,
      "beat_hold_fraction": 0.6,
      "active_fraction": 0.8,
      "mean_turnover": 0.00048338788552735636,
      "transaction_cost_bps": 15.0,
      "slippage_bps": 15.0,
      "ridge_l2": 0.01,
      "action_smoothing": 1.2,
      "gate": "055"
    },
    {
      "case": "ridge012_smooth12_18bps_gate55",
      "overall_gate_passed": false,
      "mean_test_relative": 0.0037574497115735904,
      "mean_validation_relative": 0.009809794419769391,
      "robust_min_test_relative": -0.0048940157386534455,
      "gate_margin_min": -0.0048940157386534455,
      "beat_hold_fraction": 0.6,
      "active_fraction": 0.8,
      "mean_turnover": 0.00048338747231033483,
      "transaction_cost_bps": 18.0,
      "slippage_bps": 18.0,
      "ridge_l2": 0.012,
      "action_smoothing": 1.2,
      "gate": "055"
    }
  ]
}