{
  "overall": {
    "rows": 60,
    "mean_policy_total_return": 0.32341913917166276,
    "mean_static_hold_total_return": 0.32264524883473883,
    "mean_policy_relative_total_return": 0.0006171456700601948,
    "mean_policy_cash_weight": 0.001008686606187567,
    "mean_policy_borrow_weight": 0.002215666536143907,
    "mean_policy_turnover": 0.0006799639404231878
  },
  "by_phase": {
    "test": {
      "rows": 30,
      "mean_policy_total_return": 0.326613870658421,
      "mean_static_hold_total_return": 0.3263702712461954,
      "mean_policy_relative_total_return": 0.0001788293633305534,
      "beat_static_rate": 0.06666666666666667
    },
    "validation": {
      "rows": 30,
      "mean_policy_total_return": 0.3202244076849045,
      "mean_static_hold_total_return": 0.31892022642328227,
      "mean_policy_relative_total_return": 0.0010554619767898362,
      "beat_static_rate": 0.1
    }
  },
  "diagnostics": {
    "mean_train_diag_passed_candidates": 269.6666666666667,
    "mean_train_diag_coarse_candidates": 260.0,
    "mean_train_diag_refine_candidates": 220.0,
    "mean_train_diag_gate_fail_tail_cash": 0.36666666666666664,
    "mean_train_diag_gate_fail_tail_relative": 1.7333333333333334,
    "mean_train_diag_gate_fail_stress_relative": 2.2666666666666666,
    "mean_train_diag_gate_fail_full_relative": 0.0,
    "mean_train_diag_gate_fail_turnover": 25.533333333333335,
    "mean_train_diag_gate_fail_inactive": 0.0,
    "mean_train_diag_gate_fail_robust_window": 0.0,
    "mean_train_diag_gate_fail_overfit_gap": 0.8,
    "mean_train_diag_gate_fail_regime_shift": 199.36666666666667,
    "mean_train_diag_rescue_gate_used": 0.0,
    "mean_train_diag_near_lower_bound_count": 0.16666666666666666,
    "mean_train_diag_near_upper_bound_count": 0.23333333333333334,
    "mean_train_diag_tail_calm_share": 0.4783333333333334,
    "mean_train_diag_tail_drawdown_share": 0.23500000000000001,
    "mean_train_diag_tail_high_vol_share": 0.13,
    "mean_train_diag_objective_weight_full": 0.4166666666666668,
    "mean_train_diag_objective_weight_tail": 0.38333333333333325,
    "mean_train_diag_objective_weight_stress": 0.19999999999999998,
    "mean_train_diag_robust_window_mean_relative": 0.0007178458709782287,
    "mean_train_diag_robust_window_min_relative": -0.0007962888126172296,
    "mean_train_diag_robust_window_std_relative": 0.0012712602037885652,
    "mean_train_diag_validation_relative_total_return": 0.0022627068380521717,
    "mean_train_diag_active_selected": 0.1,
    "mean_train_diag_selected_via_pareto": 1.0,
    "mean_train_diag_tail_rows": 200.0,
    "mean_train_diag_stress_rows": 104.66666666666667,
    "fallback_rate": 0.0
  },
  "run_fingerprint": {
    "created_utc": "2026-04-24T00:05:24.000782+00:00",
    "platform": "macOS-26.4.1-arm64-arm-64bit-Mach-O",
    "python_version": "3.14.3 (main, Feb  3 2026, 15:32:20) [Clang 17.0.0 (clang-1700.6.3.2)]",
    "numpy_version": "2.4.4",
    "pandas_version": "3.0.2",
    "main3_file": "/Users/ch0002techvc/Downloads/wealth-first-investing/src/wealth_first/main3.py",
    "main3_file_sha256": "c7876d468b36e974b8068227661ab2be4298ac3767bcb396ba578d1ceb06ec54",
    "project_root": "/Users/ch0002techvc/Downloads/wealth-first-investing",
    "git_commit": "2d7339e0e8ff61f70144322f4d1252a36f8bc8f5",
    "git_dirty": true,
    "cli_args": {
      "returns_csv": "data/demo_sleeves.csv",
      "benchmark_column": "SPY_BENCHMARK",
      "date_column": "date",
      "start": null,
      "end": null,
      "splits": [
        "chrono"
      ],
      "walk_forward_folds": 3,
      "validation_fraction": 0.15,
      "test_fraction": 0.1,
      "seeds": [
        7,
        17,
        27,
        37,
        47,
        57,
        67,
        77,
        87,
        97
      ],
      "coarse_candidates": 260,
      "refine_candidates": 220,
      "refine_top_k": 16,
      "refine_noise_scale": 0.2,
      "refine_restart_period": 5,
      "validation_tail_rows": 200,
      "validation_stress_drawdown_threshold": -0.1,
      "validation_stress_min_rows": 40,
      "min_spy_weight": 0.8,
      "max_spy_weight": 1.05,
      "initial_spy_weight": 1.0,
      "transaction_cost_bps": 5.0,
      "slippage_bps": 5.0,
      "borrow_cost_bps": 0.0,
      "turnover_penalty": 0.4,
      "cash_penalty": 0.3,
      "borrow_penalty": 0.3,
      "inactivity_penalty": 0.0,
      "max_tail_cash_weight": 0.12,
      "min_tail_turnover": 0.0,
      "calm_tail_cash_cap": 0.1,
      "calm_tail_min_share_for_cash_cap": 0.55,
      "min_tail_relative_return": -0.03,
      "min_stress_relative_return": -0.03,
      "min_full_relative_return": -1.0,
      "hard_min_tail_turnover": 0.0,
      "min_full_relative_return_offensive": -1.0,
      "offensive_full_relative_shortfall_penalty": 0.0,
      "offensive_drawdown_share_min": 0.2,
      "offensive_drawdown_share_max": 0.6,
      "offensive_high_vol_share_max": 0.1,
      "offensive_tail_cash_cap": 0.12,
      "offensive_full_return_boost": 0.0,
      "offensive_full_cash_penalty": 0.0,
      "active_alpha_bonus": 0.0,
      "active_turnover_target": 0.003,
      "max_tail_turnover": 0.015,
      "robustness_windows": 3,
      "robustness_std_penalty": 0.08,
      "min_robust_window_relative_return": -0.08,
      "action_smoothing_min": 0.2,
      "action_smoothing_max": 0.75,
      "no_trade_band_min": 0.0,
      "no_trade_band_max": 0.02,
      "tactical_scale_max": 0.22,
      "tactical_scale_penalty": 0.07,
      "regime_shift_penalty": 0.25,
      "max_regime_shift": 0.5,
      "max_validation_overfit_gap": 0.012,
      "validation_overfit_gap_penalty": 0.45,
      "require_positive_validation_for_activation": false,
      "no_require_positive_validation_for_activation": false,
      "min_validation_relative_return_for_activation": 0.009,
      "min_robust_min_relative_for_deployment": -0.0015,
      "use_lcb_selection": true,
      "pareto_min_candidates": 40,
      "pareto_min_turnover": 0.0025,
      "output_prefix": "artifacts/main3_repro_G_gate009_f3_s10"
    },
    "config": {
      "min_spy_weight": 0.8,
      "max_spy_weight": 1.05,
      "initial_spy_weight": 1.0,
      "action_smoothing": 0.5,
      "no_trade_band": 0.02,
      "transaction_cost_bps": 5.0,
      "slippage_bps": 5.0,
      "borrow_cost_bps": 0.0,
      "coarse_candidates": 260,
      "refine_candidates": 220,
      "refine_top_k": 16,
      "refine_noise_scale": 0.2,
      "refine_restart_period": 5,
      "validation_tail_rows": 200,
      "validation_stress_drawdown_threshold": -0.1,
      "validation_stress_min_rows": 40,
      "turnover_penalty": 0.4,
      "cash_penalty": 0.3,
      "borrow_penalty": 0.3,
      "inactivity_penalty": 0.0,
      "max_tail_cash_weight": 0.12,
      "min_tail_turnover": 0.0,
      "calm_tail_cash_cap": 0.1,
      "calm_tail_min_share_for_cash_cap": 0.55,
      "min_tail_relative_return": -0.03,
      "min_stress_relative_return": -0.03,
      "min_full_relative_return": -1.0,
      "hard_min_tail_turnover": 0.0,
      "min_full_relative_return_offensive": -1.0,
      "offensive_full_relative_shortfall_penalty": 0.0,
      "offensive_drawdown_share_min": 0.2,
      "offensive_drawdown_share_max": 0.6,
      "offensive_high_vol_share_max": 0.1,
      "offensive_tail_cash_cap": 0.12,
      "offensive_full_return_boost": 0.0,
      "offensive_full_cash_penalty": 0.0,
      "active_alpha_bonus": 0.0,
      "active_turnover_target": 0.003,
      "max_tail_turnover": 0.015,
      "robustness_windows": 3,
      "robustness_std_penalty": 0.08,
      "min_robust_window_relative_return": -0.08,
      "action_smoothing_min": 0.2,
      "action_smoothing_max": 0.75,
      "no_trade_band_min": 0.0,
      "no_trade_band_max": 0.02,
      "tactical_scale_max": 0.22,
      "tactical_scale_penalty": 0.07,
      "regime_shift_penalty": 0.25,
      "max_regime_shift": 0.5,
      "max_validation_overfit_gap": 0.012,
      "validation_overfit_gap_penalty": 0.45,