{
  "overall": {
    "rows": 18,
    "mean_policy_total_return": 0.3251435714027508,
    "mean_static_hold_total_return": 0.3226452488347388,
    "mean_policy_relative_total_return": 0.0019197480264167319,
    "mean_policy_cash_weight": 0.0019521096554843363,
    "mean_policy_borrow_weight": 0.0007057311108357811,
    "mean_policy_turnover": 0.00016473284499023464
  },
  "by_phase": {
    "test": {
      "rows": 9,
      "mean_policy_total_return": 0.3259434251439479,
      "mean_static_hold_total_return": 0.32637027124619533,
      "mean_policy_relative_total_return": -0.0003354049445538755,
      "beat_static_rate": 0.0
    },
    "validation": {
      "rows": 9,
      "mean_policy_total_return": 0.3243437176615536,
      "mean_static_hold_total_return": 0.3189202264232822,
      "mean_policy_relative_total_return": 0.004174900997387339,
      "beat_static_rate": 0.1111111111111111
    }
  },
  "diagnostics": {
    "mean_train_diag_passed_candidates": 165.88888888888889,
    "mean_train_diag_coarse_candidates": 220.0,
    "mean_train_diag_refine_candidates": 180.0,
    "mean_train_diag_gate_fail_tail_cash": 72.55555555555556,
    "mean_train_diag_gate_fail_tail_relative": 9.666666666666666,
    "mean_train_diag_gate_fail_stress_relative": 26.555555555555557,
    "mean_train_diag_gate_fail_full_relative": 219.77777777777777,
    "mean_train_diag_gate_fail_turnover": 48.888888888888886,
    "mean_train_diag_gate_fail_inactive": 183.55555555555554,
    "mean_train_diag_rescue_gate_used": 0.0,
    "mean_train_diag_near_lower_bound_count": 0.1111111111111111,
    "mean_train_diag_near_upper_bound_count": 0.6666666666666666,
    "mean_train_diag_tail_calm_share": 0.4783333333333333,
    "mean_train_diag_tail_drawdown_share": 0.23500000000000001,
    "mean_train_diag_tail_high_vol_share": 0.13,
    "mean_train_diag_objective_weight_full": 0.41666666666666663,
    "mean_train_diag_objective_weight_tail": 0.38333333333333336,
    "mean_train_diag_objective_weight_stress": 0.20000000000000004,
    "mean_train_diag_tail_rows": 200.0,
    "mean_train_diag_stress_rows": 104.66666666666667,
    "fallback_rate": 0.0
  }
}