{
  "mode": "quick",
  "n_cases": 16,
  "best_profile": "promoted_tanh",
  "eligibility_gates": {
    "tail_worst_decile_threshold": 0.0,
    "robust_min_threshold": 0.0,
    "max_mean_turnover": 0.0015,
    "min_worst_daily_relative_return": -0.01,
    "max_worst_relative_drawdown": 0.03
  },
  "bootstrap": {
    "reps": 400,
    "seed": 12345
  },
  "path_bootstrap": {
    "reps": 300,
    "block_size": 20,
    "seed": 4242
  },
  "frontier_report": {
    "profile_gate_limits": {
      "promoted_tanh": {
        "max_tail_worst_decile_threshold": 0.004782633411009396,
        "max_robust_min_threshold": 0.0022639611509442936,
        "min_max_mean_turnover_threshold": 0.00112869300984156,
        "max_min_worst_daily_relative_return_threshold": -0.0038757696568296,
        "min_max_worst_relative_drawdown_threshold": 0.0121576166943891
      },
      "turnover_guard": {
        "max_tail_worst_decile_threshold": 0.0037782338684551496,
        "max_robust_min_threshold": 0.001170236950797765,
        "min_max_mean_turnover_threshold": 0.0004907369022934887,
        "max_min_worst_daily_relative_return_threshold": -0.0016817970311586,
        "min_max_worst_relative_drawdown_threshold": 0.0052745079990245
      }
    },
    "profile_flip_analysis": {
      "promoted_tanh": {
        "currently_eligible": true,
        "gate_slacks": {
          "tail_worst_decile": 0.004782633411009396,
          "robust_min": 0.0022639611509442936,
          "mean_turnover": 0.0003713069901584401,
          "worst_daily_relative": 0.0061242303431704,
          "worst_relative_drawdown": 0.0178423833056109
        },
        "binding_gate": "mean_turnover",
        "binding_slack": 0.0003713069901584401,
        "just_fail_threshold_examples": {
          "tail_worst_decile_threshold": 0.0047836334110093965,
          "robust_min_threshold": 0.0022649611509442938,
          "max_mean_turnover": 0.00112769300984156,
          "min_worst_daily_relative_return": -0.0038747696568296,
          "max_worst_relative_drawdown": 0.0121566166943891
        }
      }
    }
  },
  "profile_ranking": [
    {
      "profile": "promoted_tanh",
      "n_cases": 8,
      "pass_rate": 1.0,
      "eligible": true,
      "mean_score": 0.006165343487795677,
      "mean_test_relative": 0.0055180276521617395,
      "worst_robust_min": 0.0022639611509442936,
      "worst_decile_test_relative": 0.004782633411009396,
      "mean_turnover": 0.00112869300984156,
      "worst_daily_relative_return": -0.0038757696568296,
      "worst_relative_drawdown": 0.0121576166943891,
      "mean_seed_std_test_relative": 0.0,
      "max_seed_std_test_relative": 0.0,
      "mean_seed_std_robust_min": 0.0,
      "max_seed_std_robust_min": 0.0,
      "mean_path_bootstrap_mean_test_relative_p05": 0.0013832651092817888,
      "mean_path_bootstrap_mean_test_relative_p50": 0.005452279198284666,
      "mean_path_bootstrap_mean_test_relative_p95": 0.009744812992145566,
      "mean_path_bootstrap_robust_min_test_relative_p05": -0.012495031468870536,
      "mean_path_bootstrap_robust_min_test_relative_p50": -0.0011160624305319167,
      "mean_path_bootstrap_robust_min_test_relative_p95": 0.004114675924232398,
      "mean_score_bootstrap_p05": 0.005422281830915461,
      "mean_score_bootstrap_p50": 0.006165343487795677,
      "mean_score_bootstrap_p95": 0.006979448643368632,
      "mean_test_relative_bootstrap_p05": 0.00496314032301819,
      "mean_test_relative_bootstrap_p50": 0.005518027652161739,
      "mean_test_relative_bootstrap_p95": 0.006215302583385995,
      "min_gate_margin": 0.0022639611509442936,
      "stress_rows": [
        {
          "transaction_cost_bps": 12.0,
          "slippage_bps": 12.0,
          "seed": 5,
          "mean_test_relative": 0.006692858974178195,
          "robust_min_test_relative": 0.003661326711706714,
          "mean_turnover": 0.0012193466966300562,
          "worst_daily_relative_return": -0.0038757696568296,
          "worst_max_relative_drawdown": 0.0119498567330903,
          "overall_gate_passed": true,
          "wealth_first_score": 0.0076090123075590104
        },
        {
          "transaction_cost_bps": 12.0,
          "slippage_bps": 12.0,
          "seed": 17,
          "mean_test_relative": 0.006692858974178195,
          "robust_min_test_relative": 0.003661326711706714,
          "mean_turnover": 0.0012193466966300562,
          "worst_daily_relative_return": -0.0038757696568296,
          "worst_max_relative_drawdown": 0.0119498567330903,
          "overall_gate_passed": true,
          "wealth_first_score": 0.0076090123075590104
        },
        {
          "transaction_cost_bps": 18.0,
          "slippage_bps": 18.0,
          "seed": 5,
          "mean_test_relative": 0.005504661059044569,
          "robust_min_test_relative": 0.0030426861714873965,
          "mean_turnover": 0.0010984751142453944,
          "worst_daily_relative_return": -0.0038757696568296,
          "worst_max_relative_drawdown": 0.0120457485660007,
          "overall_gate_passed": true,
          "wealth_first_score": 0.006202147809104221
        },
        {
          "transaction_cost_bps": 18.0,
          "slippage_bps": 18.0,
          "seed": 17,
          "mean_test_relative": 0.005504661059044569,
          "robust_min_test_relative": 0.0030426861714873965,
          "mean_turnover": 0.0010984751142453944,
          "worst_daily_relative_return": -0.0038757696568296,
          "worst_max_relative_drawdown": 0.0120457485660007,
          "overall_gate_passed": true,
          "wealth_first_score": 0.006202147809104221
        },
        {
          "transaction_cost_bps": 22.0,
          "slippage_bps": 22.0,
          "seed": 5,
          "mean_test_relative": 0.005091957164414795,
          "robust_min_test_relative": 0.0029827107099824612,
          "mean_turnover": 0.0010984751142453944,
          "worst_daily_relative_return": -0.0038757696568296,
          "worst_max_relative_drawdown": 0.0121096739593665,
          "overall_gate_passed": true,
          "wealth_first_score": 0.00575945618372198
        },
        {
          "transaction_cost_bps": 22.0,
          "slippage_bps": 22.0,
          "seed": 17,
          "mean_test_relative": 0.005091957164414795,
          "robust_min_test_relative": 0.0029827107099824612,
          "mean_turnover": 0.0010984751142453944,
          "worst_daily_relative_return": -0.0038757696568296,
          "worst_max_relative_drawdown": 0.0121096739593665,
          "overall_gate_passed": true,
          "wealth_first_score": 0.00575945618372198
        },
        {
          "transaction_cost_bps": 25.0,
          "slippage_bps": 25.0,
          "seed": 5,
          "mean_test_relative": 0.004782633411009396,
          "robust_min_test_relative": 0.0022639611509442936,
          "mean_turnover": 0.0010984751142453944,
          "worst_daily_relative_return": -0.0038757696568296,
          "worst_max_relative_drawdown": 0.0121576166943891,
          "overall_gate_passed": true,
          "wealth_first_score": 0.005090757650797497
        },
        {
          "transaction_cost_bps": 25.0,
          "slippage_bps": 25.0,
          "seed": 17,
          "mean_test_relative": 0.004782633411009396,
          "robust_min_test_relative": 0.0022639611509442936,
          "mean_turnover": 0.0010984751142453944,
          "worst_daily_relative_return": -0.0038757696568296,
          "worst_max_relative_drawdown": 0.0121576166943891,
          "overall_gate_passed": true,
          "wealth_first_score": 0.005090757650797497
        }
      ]
    },
    {
      "profile": "turnover_guard",
      "n_cases": 8,
      "pass_rate": 1.0,
      "eligible": true,
      "mean_score": 0.004382366684566373,
      "mean_test_relative": 0.0040807924842500955,
      "worst_robust_min": 0.001170236950797765,
      "worst_decile_test_relative": 0.0037782338684551496,
      "mean_turnover": 0.0004907369022934887,