{
  "decision": "PASS",
  "reference": {
    "variant": "v25z_ref",
    "rows": 137,
    "all_non_path": true,
    "breach_count": 0,
    "min_case_slack": 0.00010803763647745414,
    "mean_case_slack": 0.0021191209478833243,
    "mean_test_relative": 0.005413234532392581,
    "mean_turnover": 0.0006707529060632235,
    "mean_executed_step_rate": 0.02408602150537634
  },
  "candidate": {
    "variant": "v25z_ridge_hi",
    "rows": 137,
    "all_non_path": true,
    "breach_count": 0,
    "min_case_slack": 0.00010803950603879842,
    "mean_case_slack": 0.0021191235110572244,
    "mean_test_relative": 0.0054132336535514525,
    "mean_turnover": 0.0006707527088361766,
    "mean_executed_step_rate": 0.02408602150537634
  },
  "delta_vs_reference": {
    "delta_min_case_slack": 1.869561344278181e-09,
    "delta_mean_case_slack": 2.5631739001240328e-09,
    "delta_mean_test_relative": -8.78841128343355e-10
  }
}