{
  "rows": [
    {
      "scenario": "baseline_b20_s4242",
      "path_bootstrap_block_size": 20,
      "path_bootstrap_seed": 4242,
      "mean_test_relative": 0.0060558043676903145,
      "worst_robust_min": 0.0032793641792554507,
      "mean_turnover": 0.0006433278668192536,
      "mean_executed_step_rate": 0.022709677419354847,
      "worst_daily_relative_return": -0.0023542666504782,
      "worst_relative_drawdown": 0.007556063111144,
      "mean_path_bootstrap_robust_min_p05": -0.004915393640912361,
      "resolved_path_threshold_before_cap": -0.004915393640912361,
      "resolved_path_threshold_after_cap": -0.004915393640912361,
      "cap_applied": false,
      "pass_non_path": true,
      "activity_slack": 0.0027096774193548466,
      "path_slack": 0.0,
      "strict_eligible": true
    },
    {
      "scenario": "altseed_b20_s5252",
      "path_bootstrap_block_size": 20,
      "path_bootstrap_seed": 5252,
      "mean_test_relative": 0.0060558043676903145,
      "worst_robust_min": 0.0032793641792554507,
      "mean_turnover": 0.0006433278668192536,
      "mean_executed_step_rate": 0.022709677419354847,
      "worst_daily_relative_return": -0.0023542666504782,
      "worst_relative_drawdown": 0.007556063111144,
      "mean_path_bootstrap_robust_min_p05": -0.004866094714229251,
      "resolved_path_threshold_before_cap": -0.004866094714229251,
      "resolved_path_threshold_after_cap": -0.004866094714229251,
      "cap_applied": false,
      "pass_non_path": true,
      "activity_slack": 0.0027096774193548466,
      "path_slack": 0.0,
      "strict_eligible": true
    },
    {
      "scenario": "altblock_b16_s4242",
      "path_bootstrap_block_size": 16,
      "path_bootstrap_seed": 4242,
      "mean_test_relative": 0.0060558043676903145,
      "worst_robust_min": 0.0032793641792554507,
      "mean_turnover": 0.0006433278668192536,
      "mean_executed_step_rate": 0.022709677419354847,
      "worst_daily_relative_return": -0.0023542666504782,
      "worst_relative_drawdown": 0.007556063111144,
      "mean_path_bootstrap_robust_min_p05": -0.006402015472654425,
      "resolved_path_threshold_before_cap": -0.006402015472654425,
      "resolved_path_threshold_after_cap": -0.006402015472654425,
      "cap_applied": false,
      "pass_non_path": true,
      "activity_slack": 0.0027096774193548466,
      "path_slack": 0.0,
      "strict_eligible": true
    },
    {
      "scenario": "altblock_b24_s4242",
      "path_bootstrap_block_size": 24,
      "path_bootstrap_seed": 4242,
      "mean_test_relative": 0.0060558043676903145,
      "worst_robust_min": 0.0032793641792554507,
      "mean_turnover": 0.0006433278668192536,
      "mean_executed_step_rate": 0.022709677419354847,
      "worst_daily_relative_return": -0.0023542666504782,
      "worst_relative_drawdown": 0.007556063111144,
      "mean_path_bootstrap_robust_min_p05": -0.003912322223797437,
      "resolved_path_threshold_before_cap": -0.003912322223797437,
      "resolved_path_threshold_after_cap": -0.003912322223797437,
      "cap_applied": false,
      "pass_non_path": true,
      "activity_slack": 0.0027096774193548466,
      "path_slack": 0.0,
      "strict_eligible": true
    },
    {
      "scenario": "altboth_b24_s6060",
      "path_bootstrap_block_size": 24,
      "path_bootstrap_seed": 6060,
      "mean_test_relative": 0.0060558043676903145,
      "worst_robust_min": 0.0032793641792554507,
      "mean_turnover": 0.0006433278668192536,
      "mean_executed_step_rate": 0.022709677419354847,
      "worst_daily_relative_return": -0.0023542666504782,
      "worst_relative_drawdown": 0.007556063111144,
      "mean_path_bootstrap_robust_min_p05": -0.00416760654459186,
      "resolved_path_threshold_before_cap": -0.00416760654459186,
      "resolved_path_threshold_after_cap": -0.00416760654459186,
      "cap_applied": false,
      "pass_non_path": true,
      "activity_slack": 0.0027096774193548466,
      "path_slack": 0.0,
      "strict_eligible": true
    }
  ]
}