{
  "overall": {
    "rows": 36,
    "policy_beats_static_hold_rows": 5,
    "policy_beats_optimizer_rows": 36,
    "mean_policy_total_return": 0.32803099589700335,
    "mean_static_hold_total_return": 0.36464299555205315,
    "mean_optimizer_total_return": -0.0007530887430232484,
    "mean_delta_total_return_vs_static_hold": -0.03661199965504978,
    "mean_delta_total_return_vs_optimizer": 0.32878408464002656,
    "mean_delta_cash_weight_vs_static_hold": 0.11969906064604961,
    "mean_delta_turnover_vs_static_hold": 0.018366302020491963
  },
  "by_split": {
    "chrono": {
      "rows": 18,
      "policy_beats_static_hold_rows": 4,
      "policy_beats_optimizer_rows": 18,
      "mean_policy_total_return": 0.29244366111066805,
      "mean_static_hold_total_return": 0.3226452488347388,
      "mean_optimizer_total_return": -0.0007530887430232484,
      "mean_delta_total_return_vs_static_hold": -0.030201587724070715,
      "mean_delta_total_return_vs_optimizer": 0.2931967498536913
    },
    "regime": {
      "rows": 18,
      "policy_beats_static_hold_rows": 1,
      "policy_beats_optimizer_rows": 18,
      "mean_policy_total_return": 0.36361833068333865,
      "mean_static_hold_total_return": 0.4066407422693674,
      "mean_optimizer_total_return": -0.0007530887430232484,
      "mean_delta_total_return_vs_static_hold": -0.04302241158602885,
      "mean_delta_total_return_vs_optimizer": 0.3643714194263619
    }
  },
  "by_phase": {
    "test": {
      "rows": 18,
      "policy_beats_static_hold_rows": 0,
      "policy_beats_optimizer_rows": 18,
      "mean_policy_total_return": 0.22319663073583051,
      "mean_static_hold_total_return": 0.27129080980456194,
      "mean_optimizer_total_return": -0.0038891068544943583,
      "mean_delta_total_return_vs_static_hold": -0.04809417906873145,
      "mean_delta_total_return_vs_optimizer": 0.22708573759032488
    },
    "validation": {
      "rows": 18,
      "policy_beats_static_hold_rows": 5,
      "policy_beats_optimizer_rows": 18,
      "mean_policy_total_return": 0.4328653610581762,
      "mean_static_hold_total_return": 0.45799518129954436,
      "mean_optimizer_total_return": 0.0023829293684478614,
      "mean_delta_total_return_vs_static_hold": -0.025129820241368103,
      "mean_delta_total_return_vs_optimizer": 0.43048243168972833
    }
  },
  "negative_row_diagnosis": {
    "negative_vs_static_hold_rows": 31,
    "negative_vs_optimizer_rows": 0
  },
  "weak_rows": {
    "worst_vs_static_hold": [
      {
        "split": "chrono",
        "seed": 7,
        "fold": "fold_02",
        "phase": "test",
        "phase_start": "2022-08-03 00:00:00",
        "phase_end": "2024-06-07 00:00:00",
        "policy_total_return": 0.2573515797701271,
        "static_hold_total_return": 0.34429257003854996,
        "optimizer_total_return": 0.007148788105343584,
        "policy_relative_total_return": -0.06467415814544719,
        "static_hold_relative_total_return": 0.0,
        "optimizer_relative_total_return": -0.2507964333415442,
        "policy_cash_weight": 0.15426672661182717,
        "static_hold_cash_weight": 0.0,
        "optimizer_cash_weight": 0.9935483870967742,
        "policy_trend_weight": 0.8457332733881728,
        "static_hold_trend_weight": 1.0,
        "policy_turnover": 0.02072674500121168,
        "static_hold_turnover": 0.0,
        "optimizer_turnover": 0.004301075268817204,
        "policy_rebalance_count": 144.0,
        "static_hold_rebalance_count": 1.0,
        "policy_late_def_rate": 0.0,
        "delta_total_return_vs_static_hold": -0.08694099026842284,
        "delta_total_return_vs_optimizer": 0.25020279166478354,
        "delta_relative_total_return_vs_static_hold": -0.06467415814544719,
        "delta_relative_total_return_vs_optimizer": 0.18612227519609703,
        "delta_cash_weight_vs_static_hold": 0.15426672661182717,
        "delta_cash_weight_vs_optimizer": -0.839281660484947,
        "delta_trend_weight_vs_static_hold": -0.15426672661182717,
        "delta_turnover_vs_static_hold": 0.02072674500121168,
        "delta_turnover_vs_optimizer": 0.016425669732394475,
        "delta_rebalance_count_vs_static_hold": 143.0
      },
      {
        "split": "regime",
        "seed": 17,
        "fold": "fold_01",
        "phase": "validation",
        "phase_start": "2019-01-03 00:00:00",
        "phase_end": "2022-04-22 00:00:00",
        "policy_total_return": 0.7108002645049523,
        "static_hold_total_return": 0.7967108491980666,
        "optimizer_total_return": 0.0,
        "policy_relative_total_return": -0.0478154761137326,
        "static_hold_relative_total_return": 0.0,
        "optimizer_relative_total_return": -0.44342741602170754,
        "policy_cash_weight": 0.12068732651712766,
        "static_hold_cash_weight": 0.0,
        "optimizer_cash_weight": 1.0,
        "policy_trend_weight": 0.8793126734828723,
        "static_hold_trend_weight": 1.0,
        "policy_turnover": 0.024958452517715318,
        "static_hold_turnover": 0.0,
        "optimizer_turnover": 0.0,
        "policy_rebalance_count": 342.0,
        "static_hold_rebalance_count": 1.0,
        "policy_late_def_rate": 0.0,
        "delta_total_return_vs_static_hold": -0.0859105846931143,
        "delta_total_return_vs_optimizer": 0.7108002645049523,
        "delta_relative_total_return_vs_static_hold": -0.0478154761137326,
        "delta_relative_total_return_vs_optimizer": 0.39561193990797494,
        "delta_cash_weight_vs_static_hold": 0.12068732651712766,
        "delta_cash_weight_vs_optimizer": -0.8793126734828723,
        "delta_trend_weight_vs_static_hold": -0.12068732651712766,
        "delta_turnover_vs_static_hold": 0.024958452517715318,
        "delta_turnover_vs_optimizer": 0.024958452517715318,
        "delta_rebalance_count_vs_static_hold": 341.0
      },
      {
        "split": "regime",
        "seed": 27,
        "fold": "fold_01",
        "phase": "validation",
        "phase_start": "2019-01-03 00:00:00",
        "phase_end": "2022-04-22 00:00:00",
        "policy_total_return": 0.7114046735475508,
        "static_hold_total_return": 0.7967108491980666,
        "optimizer_total_return": 0.0,
        "policy_relative_total_return": -0.04747907861111367,
        "static_hold_relative_total_return": 0.0,
        "optimizer_relative_total_return": -0.44342741602170754,
        "policy_cash_weight": 0.13346396375679825,
        "static_hold_cash_weight": 0.0,
        "optimizer_cash_weight": 1.0,
        "policy_trend_weight": 0.8665360362432017,
        "static_hold_trend_weight": 1.0,
        "policy_turnover": 0.01671628036338962,
        "static_hold_turnover": 0.0,
        "optimizer_turnover": 0.0,
        "policy_rebalance_count": 259.0,
        "static_hold_rebalance_count": 1.0,
        "policy_late_def_rate": 0.0,
        "delta_total_return_vs_static_hold": -0.08530617565051579,
        "delta_total_return_vs_optimizer": 0.7114046735475508,
        "delta_relative_total_return_vs_static_hold": -0.04747907861111367,
        "delta_relative_total_return_vs_optimizer": 0.3959483374105939,
        "delta_cash_weight_vs_static_hold": 0.13346396375679825,
        "delta_cash_weight_vs_optimizer": -0.8665360362432017,
        "delta_trend_weight_vs_static_hold": -0.13346396375679825,
        "delta_turnover_vs_static_hold": 0.01671628036338962,
        "delta_turnover_vs_optimizer": 0.01671628036338962,
        "delta_rebalance_count_vs_static_hold": 258.0
      },
      {
        "split": "chrono",
        "seed": 7,
        "fold": "fold_03",
        "phase": "test",
        "phase_start": "2024-06-10 00:00:00",
        "phase_end": "2026-04-17 00:00:00",
        "policy_total_return": 0.27814034462478365,
        "static_hold_total_return": 0.36218911530380193,
        "optimizer_total_return": -0.01881610866882666,
        "policy_relative_total_return": -0.061701249653777546,
        "static_hold_relative_total_return": 0.0,