{
  "method": "reverse_local_increment_blind",
  "predictions": {
    "l_s092625462_objw1_good_from_pred": -2.4700000000000003e-10,
    "k_s09262542_objw1_good_from_pred": -2.3674999999999995e-09
  }
}
