{
  "overall": {
    "rows": 18,
    "mean_policy_total_return": 0.27676771372844766,
    "mean_static_hold_total_return": 0.3226452488347388,
    "mean_policy_relative_total_return": -0.03453877779415862,
    "mean_policy_cash_weight": 0.1214377017667147,
    "mean_policy_turnover": 0.004429169873090513
  },
  "by_phase": {
    "test": {
      "rows": 9,
      "mean_policy_total_return": 0.2789087065462613,
      "mean_static_hold_total_return": 0.32637027124619533,
      "mean_policy_relative_total_return": -0.03603547011286209,
      "beat_static_rate": 0.0
    },
    "validation": {
      "rows": 9,
      "mean_policy_total_return": 0.274626720910634,
      "mean_static_hold_total_return": 0.3189202264232822,
      "mean_policy_relative_total_return": -0.033042085475455146,
      "beat_static_rate": 0.0
    }
  }
}