{
  "rows": [
    {
      "variant": "v25k_n8",
      "scenario": "altblock_b16_s4242",
      "mean_test_relative": 0.005610279873621477,
      "worst_robust_min": 0.003287241307322386,
      "mean_turnover": 0.000671476452037068,
      "mean_executed_step_rate": 0.02408602150537635,
      "worst_daily_relative_return": -0.0018900190598922,
      "worst_relative_drawdown": 0.00615848550879,
      "mean_path": -0.005444079375403429,
      "min_case_path": -0.006467675641166903,
      "mean_path_slack": 0.0015559206245965712,
      "min_case_slack": 0.0005323243588330967,
      "pass_non_path": true,
      "pass_case_floor": true
    },
    {
      "variant": "v25k_n8",
      "scenario": "altblock_b24_s4242",
      "mean_test_relative": 0.005610279873621477,
      "worst_robust_min": 0.003287241307322386,
      "mean_turnover": 0.000671476452037068,
      "mean_executed_step_rate": 0.02408602150537635,
      "worst_daily_relative_return": -0.0018900190598922,
      "worst_relative_drawdown": 0.00615848550879,
      "mean_path": -0.003254192755270444,
      "min_case_path": -0.004331708687348245,
      "mean_path_slack": 0.003745807244729556,
      "min_case_slack": 0.002668291312651755,
      "pass_non_path": true,
      "pass_case_floor": true
    },
    {
      "variant": "v25k_n8",
      "scenario": "altboth_b24_s6060",
      "mean_test_relative": 0.005610279873621477,
      "worst_robust_min": 0.003287241307322386,
      "mean_turnover": 0.000671476452037068,
      "mean_executed_step_rate": 0.02408602150537635,
      "worst_daily_relative_return": -0.0018900190598922,
      "worst_relative_drawdown": 0.00615848550879,
      "mean_path": -0.0038704518881833294,
      "min_case_path": -0.005651264284040736,
      "mean_path_slack": 0.0031295481118166707,
      "min_case_slack": 0.0013487357159592643,
      "pass_non_path": true,
      "pass_case_floor": true
    },
    {
      "variant": "v25k_n8",
      "scenario": "altseed_b20_s5252",
      "mean_test_relative": 0.005610279873621477,
      "worst_robust_min": 0.003287241307322386,
      "mean_turnover": 0.000671476452037068,
      "mean_executed_step_rate": 0.02408602150537635,
      "worst_daily_relative_return": -0.0018900190598922,
      "worst_relative_drawdown": 0.00615848550879,
      "mean_path": -0.0043108646557949,
      "min_case_path": -0.005667298428069889,
      "mean_path_slack": 0.0026891353442051,
      "min_case_slack": 0.0013327015719301113,
      "pass_non_path": true,
      "pass_case_floor": true
    },
    {
      "variant": "v25k_n8",
      "scenario": "baseline_b20_s4242",
      "mean_test_relative": 0.005610279873621477,
      "worst_robust_min": 0.003287241307322386,
      "mean_turnover": 0.000671476452037068,
      "mean_executed_step_rate": 0.02408602150537635,
      "worst_daily_relative_return": -0.0018900190598922,
      "worst_relative_drawdown": 0.00615848550879,
      "mean_path": -0.004142967472512466,
      "min_case_path": -0.005110057539455087,
      "mean_path_slack": 0.0028570325274875344,
      "min_case_slack": 0.0018899424605449133,
      "pass_non_path": true,
      "pass_case_floor": true
    },
    {
      "variant": "v25k_n8",
      "scenario": "deepcheck_b12_s8080",
      "mean_test_relative": 0.005610279873621477,
      "worst_robust_min": 0.003287241307322386,
      "mean_turnover": 0.000671476452037068,
      "mean_executed_step_rate": 0.02408602150537635,
      "worst_daily_relative_return": -0.0018900190598922,
      "worst_relative_drawdown": 0.00615848550879,
      "mean_path": -0.005070322509160819,
      "min_case_path": -0.005917678788437924,
      "mean_path_slack": 0.0019296774908391812,
      "min_case_slack": 0.0010823212115620758,
      "pass_non_path": true,
      "pass_case_floor": true
    },
    {
      "variant": "v25k_n8",
      "scenario": "deepcheck_b28_s9090",
      "mean_test_relative": 0.005610279873621477,
      "worst_robust_min": 0.003287241307322386,
      "mean_turnover": 0.000671476452037068,
      "mean_executed_step_rate": 0.02408602150537635,
      "worst_daily_relative_return": -0.0018900190598922,
      "worst_relative_drawdown": 0.00615848550879,
      "mean_path": -0.003351314172420386,
      "min_case_path": -0.004143645613751296,
      "mean_path_slack": 0.0036486858275796142,
      "min_case_slack": 0.002856354386248704,
      "pass_non_path": true,
      "pass_case_floor": true
    },
    {
      "variant": "v25k_n8",
      "scenario": "stress_b14_s7070",
      "mean_test_relative": 0.005610279873621477,
      "worst_robust_min": 0.003287241307322386,
      "mean_turnover": 0.000671476452037068,
      "mean_executed_step_rate": 0.02408602150537635,
      "worst_daily_relative_return": -0.0018900190598922,
      "worst_relative_drawdown": 0.00615848550879,
      "mean_path": -0.0051811153612216715,
      "min_case_path": -0.0064316530094890405,
      "mean_path_slack": 0.0018188846387783286,
      "min_case_slack": 0.0005683469905109597,
      "pass_non_path": true,
      "pass_case_floor": true
    },
    {
      "variant": "v25k_n8",
      "scenario": "stress_b30_s10010",
      "mean_test_relative": 0.005610279873621477,
      "worst_robust_min": 0.003287241307322386,
      "mean_turnover": 0.000671476452037068,
      "mean_executed_step_rate": 0.02408602150537635,
      "worst_daily_relative_return": -0.0018900190598922,
      "worst_relative_drawdown": 0.00615848550879,
      "mean_path": -0.002823311035754762,
      "min_case_path": -0.003332787961316369,
      "mean_path_slack": 0.004176688964245239,
      "min_case_slack": 0.003667212038683631,
      "pass_non_path": true,
      "pass_case_floor": true
    }
  ]
}