{
  "overall": {
    "rows": 18,
    "mean_policy_total_return": 0.2967670383136861,
    "mean_static_hold_total_return": 0.3226452488347388,
    "mean_policy_relative_total_return": -0.019629338170228383,
    "mean_policy_cash_weight": 0.06642450427669579,
    "mean_policy_turnover": 0.0040442988536573314
  },
  "by_phase": {
    "test": {
      "rows": 9,
      "mean_policy_total_return": 0.29140326415508777,
      "mean_static_hold_total_return": 0.32637027124619533,
      "mean_policy_relative_total_return": -0.02674504912375835,
      "beat_static_rate": 0.0
    },
    "validation": {
      "rows": 9,
      "mean_policy_total_return": 0.3021308124722844,
      "mean_static_hold_total_return": 0.3189202264232822,
      "mean_policy_relative_total_return": -0.012513627216698416,
      "beat_static_rate": 0.0
    }
  },
  "diagnostics": {
    "mean_train_diag_passed_candidates": 338.44444444444446,
    "mean_train_diag_coarse_candidates": 500.0,
    "mean_train_diag_refine_candidates": 400.0,
    "mean_train_diag_gate_fail_tail_cash": 561.2222222222222,
    "mean_train_diag_gate_fail_tail_relative": 84.44444444444444,
    "mean_train_diag_gate_fail_stress_relative": 1.6666666666666667,
    "mean_train_diag_gate_fail_turnover": 4.111111111111111,
    "mean_train_diag_rescue_gate_used": 0.0,
    "mean_train_diag_tail_calm_share": 0.4783333333333333,
    "mean_train_diag_tail_drawdown_share": 0.23500000000000001,
    "mean_train_diag_tail_high_vol_share": 0.13,
    "mean_train_diag_objective_weight_full": 0.41666666666666663,
    "mean_train_diag_objective_weight_tail": 0.38333333333333336,
    "mean_train_diag_objective_weight_stress": 0.20000000000000004,
    "mean_train_diag_tail_rows": 200.0,
    "mean_train_diag_stress_rows": 104.66666666666667,
    "fallback_rate": 0.0
  }
}