case,n_test,mean_test_rel,ci95_lo,ci95_hi,beat_rate,mean_turnover,active_rate,p10,p50,p90
A_f3_s10_locked,30,-0.0003363,-0.001157995906410666,0.00048539590641066583,0.26666666666666666,0.0035355,0.5666666666666667,-0.0028076999999999993,0.0,0.0012536000000000014
D_stabilized,30,-0.0006902,-0.0011790529757563506,-0.00020134702424364946,0.0,0.001311133333333333,0.36666666666666664,-0.0028001,0.0,0.0
E_guarded,30,-0.00015713333333333332,-0.0005713364156097634,0.0002570697489430967,0.13333333333333333,0.0016242999999999997,0.3333333333333333,-0.0017254999999999998,0.0,0.00044030000000000024
