{
  "l470": {
    "candidate": "l_s092625470_objw1",
    "transition_interval": [
      1.4696e-10,
      1.4697e-10
    ],
    "aggregate": {
      "candidate": "l_s092625470_objw1",
      "transition_interval": [
        1.4696e-10,
        1.4697e-10
      ],
      "bad_mean_test_relative": 0.010985214741285831,
      "good_mean_test_relative": 0.017656285815578487,
      "delta_mean_test_relative": 0.006671071074292656,
      "bad_mean_validation_relative": 0.011338865696391864,
      "good_mean_validation_relative": 0.011338865696391864,
      "delta_mean_validation_relative": 0.0,
      "bad_mean_turnover": 0.00014998284876698237,
      "good_mean_turnover": 0.00010032556528768743,
      "delta_mean_turnover": -4.9657283479294945e-05,
      "bad_mean_test_executed_step_count": 1.5,
      "good_mean_test_executed_step_count": 1.0,
      "delta_mean_test_executed_step_count": -0.5,
      "bad_mean_test_gate_suppression_rate": 0.9967672413793103,
      "good_mean_test_gate_suppression_rate": 0.9978448275862069,
      "delta_mean_test_gate_suppression_rate": 0.0010775862068965747,
      "bad_case_slack": 0.007661426282241603,
      "good_case_slack": 0.01162705131335894,
      "delta_case_slack": 0.003965625031117337
    },
    "scenario_rows": [
      {
        "scenario": "altblock_b16_s4242",
        "n": 4,
        "bad_mean_test_relative": 0.010985214741285831,
        "good_mean_test_relative": 0.017656285815578487,
        "delta_mean_test_relative": 0.006671071074292656,
        "bad_mean_validation_relative": 0.011338865696391864,
        "good_mean_validation_relative": 0.011338865696391864,
        "delta_mean_validation_relative": 0.0,
        "bad_mean_turnover": 0.00014998284876698237,
        "good_mean_turnover": 0.00010032556528768743,
        "delta_mean_turnover": -4.9657283479294945e-05,
        "bad_mean_test_executed_step_count": 1.5,
        "good_mean_test_executed_step_count": 1.0,
        "delta_mean_test_executed_step_count": -0.5,
        "bad_mean_test_gate_suppression_rate": 0.9967672413793103,
        "good_mean_test_gate_suppression_rate": 0.9978448275862069,
        "delta_mean_test_gate_suppression_rate": 0.0010775862068965747,
        "bad_case_slack": 0.0075079429217062696,
        "good_case_slack": 0.009415572656257861,
        "delta_case_slack": 0.0019076297345515924
      },
      {
        "scenario": "altblock_b24_s4242",
        "n": 4,
        "bad_mean_test_relative": 0.010985214741285831,
        "good_mean_test_relative": 0.017656285815578487,
        "delta_mean_test_relative": 0.006671071074292656,
        "bad_mean_validation_relative": 0.011338865696391864,
        "good_mean_validation_relative": 0.011338865696391864,
        "delta_mean_validation_relative": 0.0,
        "bad_mean_turnover": 0.00014998284876698237,
        "good_mean_turnover": 0.00010032556528768743,
        "delta_mean_turnover": -4.9657283479294945e-05,
        "bad_mean_test_executed_step_count": 1.5,
        "good_mean_test_executed_step_count": 1.0,
        "delta_mean_test_executed_step_count": -0.5,
        "bad_mean_test_gate_suppression_rate": 0.9967672413793103,
        "good_mean_test_gate_suppression_rate": 0.9978448275862069,
        "delta_mean_test_gate_suppression_rate": 0.0010775862068965747,
        "bad_case_slack": 0.007674117468215094,
        "good_case_slack": 0.012833775995850715,
        "delta_case_slack": 0.005159658527635622
      },
      {
        "scenario": "altseed_b20_s5252",
        "n": 4,
        "bad_mean_test_relative": 0.010985214741285831,
        "good_mean_test_relative": 0.017656285815578487,
        "delta_mean_test_relative": 0.006671071074292656,
        "bad_mean_validation_relative": 0.011338865696391864,
        "good_mean_validation_relative": 0.011338865696391864,
        "delta_mean_validation_relative": 0.0,
        "bad_mean_turnover": 0.00014998284876698237,
        "good_mean_turnover": 0.00010032556528768743,
        "delta_mean_turnover": -4.9657283479294945e-05,
        "bad_mean_test_executed_step_count": 1.5,
        "good_mean_test_executed_step_count": 1.0,
        "delta_mean_test_executed_step_count": -0.5,
        "bad_mean_test_gate_suppression_rate": 0.9967672413793103,
        "good_mean_test_gate_suppression_rate": 0.9978448275862069,
        "delta_mean_test_gate_suppression_rate": 0.0010775862068965747,
        "bad_case_slack": 0.007500108582201961,
        "good_case_slack": 0.012421415098523536,
        "delta_case_slack": 0.004921306516321575
      },
      {
        "scenario": "altseed_b20_s6363",
        "n": 4,
        "bad_mean_test_relative": 0.010985214741285831,
        "good_mean_test_relative": 0.017656285815578487,
        "delta_mean_test_relative": 0.006671071074292656,
        "bad_mean_validation_relative": 0.011338865696391864,
        "good_mean_validation_relative": 0.011338865696391864,
        "delta_mean_validation_relative": 0.0,
        "bad_mean_turnover": 0.00014998284876698237,
        "good_mean_turnover": 0.00010032556528768743,
        "delta_mean_turnover": -4.9657283479294945e-05,
        "bad_mean_test_executed_step_count": 1.5,
        "good_mean_test_executed_step_count": 1.0,
        "delta_mean_test_executed_step_count": -0.5,
        "bad_mean_test_gate_suppression_rate": 0.9967672413793103,
        "good_mean_test_gate_suppression_rate": 0.9978448275862069,
        "delta_mean_test_gate_suppression_rate": 0.0010775862068965747,
        "bad_case_slack": 0.008081211186500434,
        "good_case_slack": 0.013474937390513357,
        "delta_case_slack": 0.005393726204012923
      },
      {
        "scenario": "baseline_b20_s4242",
        "n": 4,
        "bad_mean_test_relative": 0.010985214741285831,
        "good_mean_test_relative": 0.017656285815578487,
        "delta_mean_test_relative": 0.006671071074292656,
        "bad_mean_validation_relative": 0.011338865696391864,
        "good_mean_validation_relative": 0.011338865696391864,
        "delta_mean_validation_relative": 0.0,
        "bad_mean_turnover": 0.00014998284876698237,
        "good_mean_turnover": 0.00010032556528768743,
        "delta_mean_turnover": -4.9657283479294945e-05,
        "bad_mean_test_executed_step_count": 1.5,
        "good_mean_test_executed_step_count": 1.0,
        "delta_mean_test_executed_step_count": -0.5,
        "bad_mean_test_gate_suppression_rate": 0.9967672413793103,
        "good_mean_test_gate_suppression_rate": 0.9978448275862069,
        "delta_mean_test_gate_suppression_rate": 0.0010775862068965747,
        "bad_case_slack": 0.007148377984178072,
        "good_case_slack": 0.010101824264101241,
        "delta_case_slack": 0.002953446279923169
      },
      {
        "scenario": "deepcheck_b12_s8080",
        "n": 4,
        "bad_mean_test_relative": 0.010985214741285831,
        "good_mean_test_relative": 0.017656285815578487,
        "delta_mean_test_relative": 0.006671071074292656,
        "bad_mean_validation_relative": 0.011338865696391864,
        "good_mean_validation_relative": 0.011338865696391864,
        "delta_mean_validation_relative": 0.0,
        "bad_mean_turnover": 0.00014998284876698237,
        "good_mean_turnover": 0.00010032556528768743,
        "delta_mean_turnover": -4.9657283479294945e-05,
        "bad_mean_test_executed_step_count": 1.5,
        "good_mean_test_executed_step_count": 1.0,
        "delta_mean_test_executed_step_count": -0.5,
        "bad_mean_test_gate_suppression_rate": 0.9967672413793103,
        "good_mean_test_gate_suppression_rate": 0.9978448275862069,
        "delta_mean_test_gate_suppression_rate": 0.0010775862068965747,
        "bad_case_slack": 0.00841171902755454,
        "good_case_slack": 0.011271790828608413,
        "delta_case_slack": 0.0028600718010538735
      },
      {
        "scenario": "stress_b10_s9090",
        "n": 4,
        "bad_mean_test_relative": 0.010985214741285831,
        "good_mean_test_relative": 0.017656285815578487,