split,seed,fold,phase,train_end_idx,val_start_idx,val_end_idx,test_start_idx,test_end_idx,n_test_samples,validation_relative_total_return,policy_total_return,policy_relative_total_return,static_hold_total_return,delta_total_return_vs_static_hold,mean_spy_weight,mean_turnover,active,signal_scale,signal_bias
chrono,7,fold_01,test,2558,2559,3256,3257,3721,465,0.0029071437008714174,0.2706926012398223,-0.0015216743929570287,0.2726291283962341,-0.0019365271564117936,1.0058166017497665,4.474309038282012e-05,1,0.25,0.1
chrono,7,fold_02,test,3023,3024,3721,3722,4186,465,0.0036714622798308394,0.35261239378918985,0.00618899779413451,0.34429257003854996,0.008319823750639888,1.0212158570522514,4.746276745470042e-05,1,0.45000000000000007,0.09950413223140496
chrono,7,fold_03,test,3488,3489,4186,4187,4651,465,0.004161898858604074,0.36218911530380193,0.0,0.36218911530380193,0.0,1.0,0.0,0,0.20000000000000007,0.11117478510028653
