{
  "overall": {
    "rows": 36,
    "policy_beats_static_hold_rows": 8,
    "policy_beats_optimizer_rows": 36,
    "mean_policy_total_return": 0.3427644683162377,
    "mean_static_hold_total_return": 0.36464299555205315,
    "mean_optimizer_total_return": -0.0007530887430232484,
    "mean_delta_total_return_vs_static_hold": -0.021878527235815445,
    "mean_delta_total_return_vs_optimizer": 0.343517557059261,
    "mean_delta_cash_weight_vs_static_hold": 0.08945270067639531,
    "mean_delta_turnover_vs_static_hold": 0.01870775194241288
  },
  "by_split": {
    "chrono": {
      "rows": 18,
      "policy_beats_static_hold_rows": 5,
      "policy_beats_optimizer_rows": 18,
      "mean_policy_total_return": 0.3034771517133303,
      "mean_static_hold_total_return": 0.3226452488347388,
      "mean_optimizer_total_return": -0.0007530887430232484,
      "mean_delta_total_return_vs_static_hold": -0.019168097121408507,
      "mean_delta_total_return_vs_optimizer": 0.30423024045635355
    },
    "regime": {
      "rows": 18,
      "policy_beats_static_hold_rows": 3,
      "policy_beats_optimizer_rows": 18,
      "mean_policy_total_return": 0.38205178491914515,
      "mean_static_hold_total_return": 0.4066407422693674,
      "mean_optimizer_total_return": -0.0007530887430232484,
      "mean_delta_total_return_vs_static_hold": -0.024588957350222387,
      "mean_delta_total_return_vs_optimizer": 0.3828048736621683
    }
  },
  "by_phase": {
    "test": {
      "rows": 18,
      "policy_beats_static_hold_rows": 3,
      "policy_beats_optimizer_rows": 18,
      "mean_policy_total_return": 0.23790078218755578,
      "mean_static_hold_total_return": 0.27129080980456194,
      "mean_optimizer_total_return": -0.0038891068544943583,
      "mean_delta_total_return_vs_static_hold": -0.03339002761700614,
      "mean_delta_total_return_vs_optimizer": 0.24178988904205015
    },
    "validation": {
      "rows": 18,
      "policy_beats_static_hold_rows": 5,
      "policy_beats_optimizer_rows": 18,
      "mean_policy_total_return": 0.4476281544449196,
      "mean_static_hold_total_return": 0.45799518129954436,
      "mean_optimizer_total_return": 0.0023829293684478614,
      "mean_delta_total_return_vs_static_hold": -0.010367026854624749,
      "mean_delta_total_return_vs_optimizer": 0.44524522507647174
    }
  },
  "negative_row_diagnosis": {
    "negative_vs_static_hold_rows": 28,
    "negative_vs_optimizer_rows": 0
  },
  "weak_rows": {
    "worst_vs_static_hold": [
      {
        "split": "regime",
        "seed": 27,
        "fold": "fold_02",
        "phase": "test",
        "phase_start": "2023-08-22 00:00:00",
        "phase_end": "2024-12-16 00:00:00",
        "policy_total_return": 0.3421662287565217,
        "static_hold_total_return": 0.4047539392021755,
        "optimizer_total_return": 0.007148788105343584,
        "policy_relative_total_return": -0.04455421600825005,
        "static_hold_relative_total_return": 0.0,
        "optimizer_relative_total_return": -0.28304255998217753,
        "policy_cash_weight": 0.12071777005876005,
        "static_hold_cash_weight": 0.0,
        "optimizer_cash_weight": 0.990990990990991,
        "policy_trend_weight": 0.87928222994124,
        "static_hold_trend_weight": 1.0,
        "policy_turnover": 0.012183785084136362,
        "static_hold_turnover": 0.0,
        "optimizer_turnover": 0.006006006006006006,
        "policy_rebalance_count": 86.0,
        "static_hold_rebalance_count": 1.0,
        "policy_late_def_rate": 0.0,
        "delta_total_return_vs_static_hold": -0.06258771044565381,
        "delta_total_return_vs_optimizer": 0.3350174406511781,
        "delta_relative_total_return_vs_static_hold": -0.04455421600825005,
        "delta_relative_total_return_vs_optimizer": 0.23848834397392749,
        "delta_cash_weight_vs_static_hold": 0.12071777005876005,
        "delta_cash_weight_vs_optimizer": -0.8702732209322309,
        "delta_trend_weight_vs_static_hold": -0.12071777005876005,
        "delta_turnover_vs_static_hold": 0.012183785084136362,
        "delta_turnover_vs_optimizer": 0.006177779078130356,
        "delta_rebalance_count_vs_static_hold": 85.0
      },
      {
        "split": "chrono",
        "seed": 17,
        "fold": "fold_03",
        "phase": "test",
        "phase_start": "2024-06-10 00:00:00",
        "phase_end": "2026-04-17 00:00:00",
        "policy_total_return": 0.30404596204942336,
        "static_hold_total_return": 0.36218911530380193,
        "optimizer_total_return": -0.01881610866882666,
        "policy_relative_total_return": -0.04268361316439617,
        "static_hold_relative_total_return": 0.0,
        "optimizer_relative_total_return": -0.2797006815662706,
        "policy_cash_weight": 0.08439063859541363,
        "static_hold_cash_weight": 0.0,
        "optimizer_cash_weight": 0.9978494623655912,
        "policy_trend_weight": 0.9156093614045864,
        "static_hold_trend_weight": 1.0,
        "policy_turnover": 0.021911195258641866,
        "static_hold_turnover": 0.0,
        "optimizer_turnover": 0.004301075268817203,
        "policy_rebalance_count": 211.0,
        "static_hold_rebalance_count": 1.0,
        "policy_late_def_rate": 0.0,
        "delta_total_return_vs_static_hold": -0.05814315325437858,
        "delta_total_return_vs_optimizer": 0.32286207071825,
        "delta_relative_total_return_vs_static_hold": -0.04268361316439617,
        "delta_relative_total_return_vs_optimizer": 0.23701706840187442,
        "delta_cash_weight_vs_static_hold": 0.08439063859541363,
        "delta_cash_weight_vs_optimizer": -0.9134588237701776,
        "delta_trend_weight_vs_static_hold": -0.08439063859541363,
        "delta_turnover_vs_static_hold": 0.021911195258641866,
        "delta_turnover_vs_optimizer": 0.017610119989824664,
        "delta_rebalance_count_vs_static_hold": 210.0
      },
      {
        "split": "chrono",
        "seed": 17,
        "fold": "fold_02",
        "phase": "test",
        "phase_start": "2022-08-03 00:00:00",
        "phase_end": "2024-06-07 00:00:00",
        "policy_total_return": 0.2883983497255094,
        "static_hold_total_return": 0.34429257003854996,
        "optimizer_total_return": 0.007148788105343584,
        "policy_relative_total_return": -0.04157891039406525,
        "static_hold_relative_total_return": 0.0,
        "optimizer_relative_total_return": -0.2507964333415442,
        "policy_cash_weight": 0.10810211325964414,
        "static_hold_cash_weight": 0.0,
        "optimizer_cash_weight": 0.9935483870967742,
        "policy_trend_weight": 0.8918978867403559,
        "static_hold_trend_weight": 1.0,
        "policy_turnover": 0.0220150696422703,
        "static_hold_turnover": 0.0,
        "optimizer_turnover": 0.004301075268817204,
        "policy_rebalance_count": 187.0,
        "static_hold_rebalance_count": 1.0,
        "policy_late_def_rate": 0.0,
        "delta_total_return_vs_static_hold": -0.05589422031304059,
        "delta_total_return_vs_optimizer": 0.2812495616201658,
        "delta_relative_total_return_vs_static_hold": -0.04157891039406525,
        "delta_relative_total_return_vs_optimizer": 0.20921752294747897,
        "delta_cash_weight_vs_static_hold": 0.10810211325964414,
        "delta_cash_weight_vs_optimizer": -0.88544627383713,
        "delta_trend_weight_vs_static_hold": -0.10810211325964414,
        "delta_turnover_vs_static_hold": 0.0220150696422703,
        "delta_turnover_vs_optimizer": 0.0177139943734531,
        "delta_rebalance_count_vs_static_hold": 186.0
      },
      {
        "split": "chrono",
        "seed": 27,
        "fold": "fold_03",
        "phase": "test",
        "phase_start": "2024-06-10 00:00:00",
        "phase_end": "2026-04-17 00:00:00",
        "policy_total_return": 0.3070859495811167,
        "static_hold_total_return": 0.36218911530380193,
        "optimizer_total_return": -0.01881610866882666,
        "policy_relative_total_return": -0.04045192044453816,