{
  "overall": {
    "rows": 18,
    "mean_policy_total_return": 0.27632835823760643,
    "mean_static_hold_total_return": 0.3226452488347388,
    "mean_policy_relative_total_return": -0.03476799287019042,
    "mean_policy_cash_weight": 0.1364054208332412,
    "mean_policy_borrow_weight": 0.0,
    "mean_policy_turnover": 0.007757454599923745
  },
  "by_phase": {
    "test": {
      "rows": 9,
      "mean_policy_total_return": 0.2703545332678608,
      "mean_static_hold_total_return": 0.32637027124619533,
      "mean_policy_relative_total_return": -0.042170028889793695,
      "beat_static_rate": 0.0
    },
    "validation": {
      "rows": 9,
      "mean_policy_total_return": 0.2823021832073522,
      "mean_static_hold_total_return": 0.3189202264232822,
      "mean_policy_relative_total_return": -0.027365956850587143,
      "beat_static_rate": 0.0
    }
  },
  "diagnostics": {
    "mean_train_diag_passed_candidates": 116.88888888888889,
    "mean_train_diag_coarse_candidates": 220.0,
    "mean_train_diag_refine_candidates": 180.0,
    "mean_train_diag_gate_fail_tail_cash": 241.0,
    "mean_train_diag_gate_fail_tail_relative": 45.333333333333336,
    "mean_train_diag_gate_fail_stress_relative": 8.0,
    "mean_train_diag_gate_fail_full_relative": 0.0,
    "mean_train_diag_gate_fail_turnover": 70.44444444444444,
    "mean_train_diag_gate_fail_inactive": 0.0,
    "mean_train_diag_gate_fail_robust_window": 0.4444444444444444,
    "mean_train_diag_rescue_gate_used": 0.2222222222222222,
    "mean_train_diag_near_lower_bound_count": 0.4444444444444444,
    "mean_train_diag_near_upper_bound_count": 1.1111111111111112,
    "mean_train_diag_tail_calm_share": 0.4783333333333333,
    "mean_train_diag_tail_drawdown_share": 0.23500000000000001,
    "mean_train_diag_tail_high_vol_share": 0.13,
    "mean_train_diag_objective_weight_full": 0.41666666666666663,
    "mean_train_diag_objective_weight_tail": 0.38333333333333336,
    "mean_train_diag_objective_weight_stress": 0.20000000000000004,
    "mean_train_diag_robust_window_mean_relative": -0.0073552040478466595,
    "mean_train_diag_robust_window_min_relative": -0.02579833989755773,
    "mean_train_diag_robust_window_std_relative": 0.018787819722187935,
    "mean_train_diag_tail_rows": 200.0,
    "mean_train_diag_stress_rows": 104.66666666666667,
    "fallback_rate": 0.1111111111111111
  }
}